<?xml version="1.0" encoding="UTF-8"?><kml xmlns="http://www.opengis.net/kml/2.2" xmlns:gx="http://www.google.com/kml/ext/2.2"><!-- Cowboys Golf Club - 3D Golf Course Fly-Over - ProVisualizer.com --><Document><name>Cowboys Golf Club</name><open>1</open><Style id="LS1"><LineStyle><color>FFFFFFFF</color><width>1</width><gx:labelVisibility>0</gx:labelVisibility></LineStyle></Style><Folder><name>Show Tees</name><open>0</open><Placemark><name>Hole 1 Tee</name><visibility>0</visibility><styleUrl>#LS1</styleUrl><LineString><extrude>0</extrude><tessellate>0</tessellate><altitudeMode>relativeToGround</altitudeMode><coordinates>-97.052884905288,32.957475895748,0 -97.052884905288,32.957475895748,2 </coordinates></LineString></Placemark><Placemark><name>Hole 2 Tee</name><visibility>0</visibility><styleUrl>#LS1</styleUrl><LineString><extrude>0</extrude><tessellate>0</tessellate><altitudeMode>relativeToGround</altitudeMode><coordinates>-97.050976905098,32.961551996155,0 -97.050976905098,32.961551996155,2 </coordinates></LineString></Placemark><Placemark><name>Hole 3 Tee</name><visibility>0</visibility><styleUrl>#LS1</styleUrl><LineString><extrude>0</extrude><tessellate>0</tessellate><altitudeMode>relativeToGround</altitudeMode><coordinates>-97.050051705005,32.964988196499,0 -97.050051705005,32.964988196499,2 </coordinates></LineString></Placemark><Placemark><name>Hole 4 Tee</name><visibility>0</visibility><styleUrl>#LS1</styleUrl><LineString><extrude>0</extrude><tessellate>0</tessellate><altitudeMode>relativeToGround</altitudeMode><coordinates>-97.047526304753,32.965868396587,0 -97.047526304753,32.965868396587,2 </coordinates></LineString></Placemark><Placemark><name>Hole 5 Tee</name><visibility>0</visibility><styleUrl>#LS1</styleUrl><LineString><extrude>0</extrude><tessellate>0</tessellate><altitudeMode>relativeToGround</altitudeMode><coordinates>-97.047223004722,32.969966996997,0 -97.047223004722,32.969966996997,2 </coordinates></LineString></Placemark><Placemark><name>Hole 6 Tee</name><visibility>0</visibility><styleUrl>#LS1</styleUrl><LineString><extrude>0</extrude><tessellate>0</tessellate><altitudeMode>relativeToGround</altitudeMode><coordinates>-97.051739205174,32.972735397274,0 -97.051739205174,32.972735397274,2 </coordinates></LineString></Placemark><Placemark><name>Hole 7 Tee</name><visibility>0</visibility><styleUrl>#LS1</styleUrl><LineString><extrude>0</extrude><tessellate>0</tessellate><altitudeMode>relativeToGround</altitudeMode><coordinates>-97.051288305129,32.974243797424,0 -97.051288305129,32.974243797424,2 </coordinates></LineString></Placemark><Placemark><name>Hole 8 Tee</name><visibility>0</visibility><styleUrl>#LS1</styleUrl><LineString><extrude>0</extrude><tessellate>0</tessellate><altitudeMode>relativeToGround</altitudeMode><coordinates>-97.046311304631,32.975212197521,0 -97.046311304631,32.975212197521,2 </coordinates></LineString></Placemark><Placemark><name>Hole 9 Tee</name><visibility>0</visibility><styleUrl>#LS1</styleUrl><LineString><extrude>0</extrude><tessellate>0</tessellate><altitudeMode>relativeToGround</altitudeMode><coordinates>-97.051346805135,32.975348997535,0 -97.051346805135,32.975348997535,2 </coordinates></LineString></Placemark><Placemark><name>Hole 10 Tee</name><visibility>0</visibility><styleUrl>#LS1</styleUrl><LineString><extrude>0</extrude><tessellate>0</tessellate><altitudeMode>relativeToGround</altitudeMode><coordinates>-97.047253604725,32.976731397673,0 -97.047253604725,32.976731397673,2 </coordinates></LineString></Placemark><Placemark><name>Hole 11 Tee</name><visibility>0</visibility><styleUrl>#LS1</styleUrl><LineString><extrude>0</extrude><tessellate>0</tessellate><altitudeMode>relativeToGround</altitudeMode><coordinates>-97.044063104406,32.978678097868,0 -97.044063104406,32.978678097868,2 </coordinates></LineString></Placemark><Placemark><name>Hole 12 Tee</name><visibility>0</visibility><styleUrl>#LS1</styleUrl><LineString><extrude>0</extrude><tessellate>0</tessellate><altitudeMode>relativeToGround</altitudeMode><coordinates>-97.045311404531,32.974430097443,0 -97.045311404531,32.974430097443,2 </coordinates></LineString></Placemark><Placemark><name>Hole 13 Tee</name><visibility>0</visibility><styleUrl>#LS1</styleUrl><LineString><extrude>0</extrude><tessellate>0</tessellate><altitudeMode>relativeToGround</altitudeMode><coordinates>-97.043177504318,32.978235297824,0 -97.043177504318,32.978235297824,2 </coordinates></LineString></Placemark><Placemark><name>Hole 14 Tee</name><visibility>0</visibility><styleUrl>#LS1</styleUrl><LineString><extrude>0</extrude><tessellate>0</tessellate><altitudeMode>relativeToGround</altitudeMode><coordinates>-97.045094504509,32.973161997316,0 -97.045094504509,32.973161997316,2 </coordinates></LineString></Placemark><Placemark><name>Hole 15 Tee</name><visibility>0</visibility><styleUrl>#LS1</styleUrl><LineString><extrude>0</extrude><tessellate>0</tessellate><altitudeMode>relativeToGround</altitudeMode><coordinates>-97.045212404521,32.970022797002,0 -97.045212404521,32.970022797002,2 </coordinates></LineString></Placemark><Placemark><name>Hole 16 Tee</name><visibility>0</visibility><styleUrl>#LS1</styleUrl><LineString><extrude>0</extrude><tessellate>0</tessellate><altitudeMode>relativeToGround</altitudeMode><coordinates>-97.04839570484,32.969053496905,0 -97.04839570484,32.969053496905,2 </coordinates></LineString></Placemark><Placemark><name>Hole 17 Tee</name><visibility>0</visibility><styleUrl>#LS1</styleUrl><LineString><extrude>0</extrude><tessellate>0</tessellate><altitudeMode>relativeToGround</altitudeMode><coordinates>-97.050031005003,32.965070096507,0 -97.050031005003,32.965070096507,2 </coordinates></LineString></Placemark><Placemark><name>Hole 18 Tee</name><visibility>0</visibility><styleUrl>#LS1</styleUrl><LineString><extrude>0</extrude><tessellate>0</tessellate><altitudeMode>relativeToGround</altitudeMode><coordinates>-97.054243905424,32.962888496289,0 -97.054243905424,32.962888496289,2 </coordinates></LineString></Placemark></Folder><Folder><name>Show Pins</name><open>0</open><Placemark><name>Hole 1 Pin</name><visibility>1</visibility><styleUrl>#LS1</styleUrl><LineString><extrude>0</extrude><tessellate>0</tessellate><altitudeMode>relativeToGround</altitudeMode><coordinates>-97.051517805152,32.961437696144,0 -97.051517805152,32.961437696144,2 </coordinates></LineString></Placemark><Placemark><name>Hole 2 Pin</name><visibility>1</visibility><styleUrl>#LS1</styleUrl><LineString><extrude>0</extrude><tessellate>0</tessellate><altitudeMode>relativeToGround</altitudeMode><coordinates>-97.049736704974,32.964556196456,0 -97.049736704974,32.964556196456,2 </coordinates></LineString></Placemark><Placemark><name>Hole 3 Pin</name><visibility>1</visibility><styleUrl>#LS1</styleUrl><LineString><extrude>0</extrude><tessellate>0</tessellate><altitudeMode>relativeToGround</altitudeMode><coordinates>-97.048580204858,32.965694696569,0 -97.048580204858,32.965694696569,2 </coordinates></LineString></Placemark><Placemark><name>Hole 4 Pin</name><visibility>1</visibility><styleUrl>#LS1</styleUrl><LineString><extrude>0</extrude><tessellate>0</tessellate><altitudeMode>relativeToGround</altitudeMode><coordinates>-97.047530804753,32.968769096877,0 -97.047530804753,32.968769096877,2 </coordinates></LineString></Placemark><Placemark><name>Hole 5 Pin</name><visibility>1</visibility><styleUrl>#LS1</styleUrl><LineString><extrude>0</extrude><tessellate>0</tessellate><altitudeMode>relativeToGround</altitudeMode><coordinates>-97.051011105101,32.972535597254,0 -97.051011105101,32.972535597254,2 </coordinates></LineString></Placemark><Placemark><name>Hole 6 Pin</name><visibility>1</visibility><styleUrl>#LS1</styleUrl><LineString><extrude>0</extrude><tessellate>0</tessellate><altitudeMode>relativeToGround</altitudeMode><coordinates>-97.050926505093,32.97389729739,0 -97.050926505093,32.97389729739,2 </coordinates></LineString></Placemark><Placemark><name>Hole 7 Pin</name><visibility>1</visibility><styleUrl>#LS1</styleUrl><LineString><extrude>0</extrude><tessellate>0</tessellate><altitudeMode>relativeToGround</altitudeMode><coordinates>-97.046887304689,32.974577697458,0 -97.046887304689,32.974577697458,2 </coordinates></LineString></Placemark><Placemark><name>Hole 8 Pin</name><visibility>1</visibility><styleUrl>#LS1</styleUrl><LineString><extrude>0</extrude><tessellate>0</tessellate><altitudeMode>relativeToGround</altitudeMode><coordinates>-97.051089405109,32.974946697495,0 -97.051089405109,32.974946697495,2 </coordinates></LineString></Placemark><Placemark><name>Hole 9 Pin</name><visibility>1</visibility><styleUrl>#LS1</styleUrl><LineString><extrude>0</extrude><tessellate>0</tessellate><altitudeMode>relativeToGround</altitudeMode><coordinates>-97.047815204782,32.976879897688,0 -97.047815204782,32.976879897688,2 </coordinates></LineString></Placemark><Placemark><name>Hole 10 Pin</name><visibility>1</visibility><styleUrl>#LS1</styleUrl><LineString><extrude>0</extrude><tessellate>0</tessellate><altitudeMode>relativeToGround</altitudeMode><coordinates>-97.044663404466,32.978657397866,0 -97.044663404466,32.978657397866,2 </coordinates></LineString></Placemark><Placemark><name>Hole 11 Pin</name><visibility>1</visibility><styleUrl>#LS1</styleUrl><LineString><extrude>0</extrude><tessellate>0</tessellate><altitudeMode>relativeToGround</altitudeMode><coordinates>-97.04560480456,32.975426397543,0 -97.04560480456,32.975426397543,2 </coordinates></LineString></Placemark><Placemark><name>Hole 12 Pin</name><visibility>1</visibility><styleUrl>#LS1</styleUrl><LineString><extrude>0</extrude><tessellate>0</tessellate><altitudeMode>relativeToGround</altitudeMode><coordinates>-97.043913704391,32.97779789778,0 -97.043913704391,32.97779789778,2 </coordinates></LineString></Placemark><Placemark><name>Hole 13 Pin</name><visibility>1</visibility><styleUrl>#LS1</styleUrl><LineString><extrude>0</extrude><tessellate>0</tessellate><altitudeMode>relativeToGround</altitudeMode><coordinates>-97.044983804498,32.973650697365,0 -97.044983804498,32.973650697365,2 </coordinates></LineString></Placemark><Placemark><name>Hole 14 Pin</name><visibility>1</visibility><styleUrl>#LS1</styleUrl><LineString><extrude>0</extrude><tessellate>0</tessellate><altitudeMode>relativeToGround</altitudeMode><coordinates>-97.045267304527,32.970493497049,0 -97.045267304527,32.970493497049,2 </coordinates></LineString></Placemark><Placemark><name>Hole 15 Pin</name><visibility>1</visibility><styleUrl>#LS1</styleUrl><LineString><extrude>0</extrude><tessellate>0</tessellate><altitudeMode>relativeToGround</altitudeMode><coordinates>-97.046771204677,32.970228897023,0 -97.046771204677,32.970228897023,2 </coordinates></LineString></Placemark><Placemark><name>Hole 16 Pin</name><visibility>1</visibility><styleUrl>#LS1</styleUrl><LineString><extrude>0</extrude><tessellate>0</tessellate><altitudeMode>relativeToGround</altitudeMode><coordinates>-97.049926604993,32.965649696565,0 -97.049926604993,32.965649696565,2 </coordinates></LineString></Placemark><Placemark><name>Hole 17 Pin</name><visibility>1</visibility><styleUrl>#LS1</styleUrl><LineString><extrude>0</extrude><tessellate>0</tessellate><altitudeMode>relativeToGround</altitudeMode><coordinates>-97.05160420516,32.964163796416,0 -97.05160420516,32.964163796416,2 </coordinates></LineString></Placemark><Placemark><name>Hole 18 Pin</name><visibility>1</visibility><styleUrl>#LS1</styleUrl><LineString><extrude>0</extrude><tessellate>0</tessellate><altitudeMode>relativeToGround</altitudeMode><coordinates>-97.053870405387,32.958767395877,0 -97.053870405387,32.958767395877,2 </coordinates></LineString></Placemark></Folder><Folder><name>Show Targets</name><open>0</open><Placemark><name>Hole 1 Target 1</name><visibility>1</visibility><styleUrl>#LS1</styleUrl><LineString><extrude>0</extrude><tessellate>0</tessellate><altitudeMode>relativeToGround</altitudeMode><coordinates>-97.051363905136,32.959441495944,0 -97.051363905136,32.959441495944,2 </coordinates></LineString></Placemark><Placemark><name>Hole 1 Target 2</name><visibility>1</visibility><styleUrl>#LS1</styleUrl><LineString><extrude>0</extrude><tessellate>0</tessellate><altitudeMode>relativeToGround</altitudeMode><coordinates>-97.051286505129,32.9610029961,0 -97.051286505129,32.9610029961,2 </coordinates></LineString></Placemark><Placemark><name>Hole 2 Target 1</name><visibility>1</visibility><styleUrl>#LS1</styleUrl><LineString><extrude>0</extrude><tessellate>0</tessellate><altitudeMode>relativeToGround</altitudeMode><coordinates>-97.04980060498,32.963722796372,0 -97.04980060498,32.963722796372,2 </coordinates></LineString></Placemark><Placemark><name>Hole 4 Target 1</name><visibility>1</visibility><styleUrl>#LS1</styleUrl><LineString><extrude>0</extrude><tessellate>0</tessellate><altitudeMode>relativeToGround</altitudeMode><coordinates>-97.047771104777,32.968120196812,0 -97.047771104777,32.968120196812,2 </coordinates></LineString></Placemark><Placemark><name>Hole 5 Target 1</name><visibility>1</visibility><styleUrl>#LS1</styleUrl><LineString><extrude>0</extrude><tessellate>0</tessellate><altitudeMode>relativeToGround</altitudeMode><coordinates>-97.049263304926,32.971743597174,0 -97.049263304926,32.971743597174,2 </coordinates></LineString></Placemark><Placemark><name>Hole 7 Target 1</name><visibility>1</visibility><styleUrl>#LS1</styleUrl><LineString><extrude>0</extrude><tessellate>0</tessellate><altitudeMode>relativeToGround</altitudeMode><coordinates>-97.048538804854,32.974847697485,0 -97.048538804854,32.974847697485,2 </coordinates></LineString></Placemark><Placemark><name>Hole 8 Target 1</name><visibility>1</visibility><styleUrl>#LS1</styleUrl><LineString><extrude>0</extrude><tessellate>0</tessellate><altitudeMode>relativeToGround</altitudeMode><coordinates>-97.049047304905,32.975683797568,0 -97.049047304905,32.975683797568,2 </coordinates></LineString></Placemark><Placemark><name>Hole 8 Target 2</name><visibility>1</visibility><styleUrl>#LS1</styleUrl><LineString><extrude>0</extrude><tessellate>0</tessellate><altitudeMode>relativeToGround</altitudeMode><coordinates>-97.05049720505,32.974913397491,0 -97.05049720505,32.974913397491,2 </coordinates></LineString></Placemark><Placemark><name>Hole 9 Target 1</name><visibility>1</visibility><styleUrl>#LS1</styleUrl><LineString><extrude>0</extrude><tessellate>0</tessellate><altitudeMode>relativeToGround</altitudeMode><coordinates>-97.04910040491,32.976671997667,0 -97.04910040491,32.976671997667,2 </coordinates></LineString></Placemark><Placemark><name>Hole 10 Target 1</name><visibility>1</visibility><styleUrl>#LS1</styleUrl><LineString><extrude>0</extrude><tessellate>0</tessellate><altitudeMode>relativeToGround</altitudeMode><coordinates>-97.045030604503,32.977936497794,0 -97.045030604503,32.977936497794,2 </coordinates></LineString></Placemark><Placemark><name>Hole 11 Target 1</name><visibility>1</visibility><styleUrl>#LS1</styleUrl><LineString><extrude>0</extrude><tessellate>0</tessellate><altitudeMode>relativeToGround</altitudeMode><coordinates>-97.045324904533,32.976540597654,0 -97.045324904533,32.976540597654,2 </coordinates></LineString></Placemark><Placemark><name>Hole 12 Target 1</name><visibility>1</visibility><styleUrl>#LS1</styleUrl><LineString><extrude>0</extrude><tessellate>0</tessellate><altitudeMode>relativeToGround</altitudeMode><coordinates>-97.044483404448,32.976710697671,0 -97.044483404448,32.976710697671,2 </coordinates></LineString></Placemark><Placemark><name>Hole 13 Target 1</name><visibility>1</visibility><styleUrl>#LS1</styleUrl><LineString><extrude>0</extrude><tessellate>0</tessellate><altitudeMode>relativeToGround</altitudeMode><coordinates>-97.043685104369,32.975888997589,0 -97.043685104369,32.975888997589,2 </coordinates></LineString></Placemark><Placemark><name>Hole 13 Target 2</name><visibility>1</visibility><styleUrl>#LS1</styleUrl><LineString><extrude>0</extrude><tessellate>0</tessellate><altitudeMode>relativeToGround</altitudeMode><coordinates>-97.044464504446,32.974515597452,0 -97.044464504446,32.974515597452,2 </coordinates></LineString></Placemark><Placemark><name>Hole 14 Target 1</name><visibility>1</visibility><styleUrl>#LS1</styleUrl><LineString><extrude>0</extrude><tessellate>0</tessellate><altitudeMode>relativeToGround</altitudeMode><coordinates>-97.045325804533,32.970908397091,0 -97.045325804533,32.970908397091,2 </coordinates></LineString></Placemark><Placemark><name>Hole 16 Target 1</name><visibility>1</visibility><styleUrl>#LS1</styleUrl><LineString><extrude>0</extrude><tessellate>0</tessellate><altitudeMode>relativeToGround</altitudeMode><coordinates>-97.048973504897,32.966676596668,0 -97.048973504897,32.966676596668,2 </coordinates></LineString></Placemark><Placemark><name>Hole 18 Target 1</name><visibility>1</visibility><styleUrl>#LS1</styleUrl><LineString><extrude>0</extrude><tessellate>0</tessellate><altitudeMode>relativeToGround</altitudeMode><coordinates>-97.053948705395,32.960516096052,0 -97.053948705395,32.960516096052,2 </coordinates></LineString></Placemark><Placemark><name>Hole 18 Target 2</name><visibility>1</visibility><styleUrl>#LS1</styleUrl><LineString><extrude>0</extrude><tessellate>0</tessellate><altitudeMode>relativeToGround</altitudeMode><coordinates>-97.054089105409,32.959040995904,0 -97.054089105409,32.959040995904,2 </coordinates></LineString></Placemark></Folder><Folder><name>Show Center Lines</name><open>0</open><Placemark><name>Hole 1 Center Line</name><visibility>0</visibility><styleUrl>#LS1</styleUrl><LineString><extrude>0</extrude><tessellate>0</tessellate><altitudeMode>relativeToGround</altitudeMode><coordinates>-97.052884905288,32.957475895748,1 -97.051363905136,32.959441495944,1 -97.051286505129,32.9610029961,1 -97.051517805152,32.961437696144,1 </coordinates></LineString></Placemark><Placemark><name>Hole 2 Center Line</name><visibility>0</visibility><styleUrl>#LS1</styleUrl><LineString><extrude>0</extrude><tessellate>0</tessellate><altitudeMode>relativeToGround</altitudeMode><coordinates>-97.050976905098,32.961551996155,1 -97.04980060498,32.963722796372,1 -97.049736704974,32.964556196456,1 </coordinates></LineString></Placemark><Placemark><name>Hole 3 Center Line</name><visibility>0</visibility><styleUrl>#LS1</styleUrl><LineString><extrude>0</extrude><tessellate>0</tessellate><altitudeMode>relativeToGround</altitudeMode><coordinates>-97.050051705005,32.964988196499,1 -97.048580204858,32.965694696569,1 </coordinates></LineString></Placemark><Placemark><name>Hole 4 Center Line</name><visibility>0</visibility><styleUrl>#LS1</styleUrl><LineString><extrude>0</extrude><tessellate>0</tessellate><altitudeMode>relativeToGround</altitudeMode><coordinates>-97.047526304753,32.965868396587,1 -97.047771104777,32.968120196812,1 -97.047530804753,32.968769096877,1 </coordinates></LineString></Placemark><Placemark><name>Hole 5 Center Line</name><visibility>0</visibility><styleUrl>#LS1</styleUrl><LineString><extrude>0</extrude><tessellate>0</tessellate><altitudeMode>relativeToGround</altitudeMode><coordinates>-97.047223004722,32.969966996997,1 -97.049263304926,32.971743597174,1 -97.051011105101,32.972535597254,1 </coordinates></LineString></Placemark><Placemark><name>Hole 6 Center Line</name><visibility>0</visibility><styleUrl>#LS1</styleUrl><LineString><extrude>0</extrude><tessellate>0</tessellate><altitudeMode>relativeToGround</altitudeMode><coordinates>-97.051739205174,32.972735397274,1 -97.050926505093,32.97389729739,1 </coordinates></LineString></Placemark><Placemark><name>Hole 7 Center Line</name><visibility>0</visibility><styleUrl>#LS1</styleUrl><LineString><extrude>0</extrude><tessellate>0</tessellate><altitudeMode>relativeToGround</altitudeMode><coordinates>-97.051288305129,32.974243797424,1 -97.048538804854,32.974847697485,1 -97.046887304689,32.974577697458,1 </coordinates></LineString></Placemark><Placemark><name>Hole 8 Center Line</name><visibility>0</visibility><styleUrl>#LS1</styleUrl><LineString><extrude>0</extrude><tessellate>0</tessellate><altitudeMode>relativeToGround</altitudeMode><coordinates>-97.046311304631,32.975212197521,1 -97.049047304905,32.975683797568,1 -97.05049720505,32.974913397491,1 -97.051089405109,32.974946697495,1 </coordinates></LineString></Placemark><Placemark><name>Hole 9 Center Line</name><visibility>0</visibility><styleUrl>#LS1</styleUrl><LineString><extrude>0</extrude><tessellate>0</tessellate><altitudeMode>relativeToGround</altitudeMode><coordinates>-97.051346805135,32.975348997535,1 -97.04910040491,32.976671997667,1 -97.047815204782,32.976879897688,1 </coordinates></LineString></Placemark><Placemark><name>Hole 10 Center Line</name><visibility>0</visibility><styleUrl>#LS1</styleUrl><LineString><extrude>0</extrude><tessellate>0</tessellate><altitudeMode>relativeToGround</altitudeMode><coordinates>-97.047253604725,32.976731397673,1 -97.045030604503,32.977936497794,1 -97.044663404466,32.978657397866,1 </coordinates></LineString></Placemark><Placemark><name>Hole 11 Center Line</name><visibility>0</visibility><styleUrl>#LS1</styleUrl><LineString><extrude>0</extrude><tessellate>0</tessellate><altitudeMode>relativeToGround</altitudeMode><coordinates>-97.044063104406,32.978678097868,1 -97.045324904533,32.976540597654,1 -97.04560480456,32.975426397543,1 </coordinates></LineString></Placemark><Placemark><name>Hole 12 Center Line</name><visibility>0</visibility><styleUrl>#LS1</styleUrl><LineString><extrude>0</extrude><tessellate>0</tessellate><altitudeMode>relativeToGround</altitudeMode><coordinates>-97.045311404531,32.974430097443,1 -97.044483404448,32.976710697671,1 -97.043913704391,32.97779789778,1 </coordinates></LineString></Placemark><Placemark><name>Hole 13 Center Line</name><visibility>0</visibility><styleUrl>#LS1</styleUrl><LineString><extrude>0</extrude><tessellate>0</tessellate><altitudeMode>relativeToGround</altitudeMode><coordinates>-97.043177504318,32.978235297824,1 -97.043685104369,32.975888997589,1 -97.044464504446,32.974515597452,1 -97.044983804498,32.973650697365,1 </coordinates></LineString></Placemark><Placemark><name>Hole 14 Center Line</name><visibility>0</visibility><styleUrl>#LS1</styleUrl><LineString><extrude>0</extrude><tessellate>0</tessellate><altitudeMode>relativeToGround</altitudeMode><coordinates>-97.045094504509,32.973161997316,1 -97.045325804533,32.970908397091,1 -97.045267304527,32.970493497049,1 </coordinates></LineString></Placemark><Placemark><name>Hole 15 Center Line</name><visibility>0</visibility><styleUrl>#LS1</styleUrl><LineString><extrude>0</extrude><tessellate>0</tessellate><altitudeMode>relativeToGround</altitudeMode><coordinates>-97.045212404521,32.970022797002,1 -97.046771204677,32.970228897023,1 </coordinates></LineString></Placemark><Placemark><name>Hole 16 Center Line</name><visibility>0</visibility><styleUrl>#LS1</styleUrl><LineString><extrude>0</extrude><tessellate>0</tessellate><altitudeMode>relativeToGround</altitudeMode><coordinates>-97.04839570484,32.969053496905,1 -97.048973504897,32.966676596668,1 -97.049926604993,32.965649696565,1 </coordinates></LineString></Placemark><Placemark><name>Hole 17 Center Line</name><visibility>0</visibility><styleUrl>#LS1</styleUrl><LineString><extrude>0</extrude><tessellate>0</tessellate><altitudeMode>relativeToGround</altitudeMode><coordinates>-97.050031005003,32.965070096507,1 -97.05160420516,32.964163796416,1 </coordinates></LineString></Placemark><Placemark><name>Hole 18 Center Line</name><visibility>0</visibility><styleUrl>#LS1</styleUrl><LineString><extrude>0</extrude><tessellate>0</tessellate><altitudeMode>relativeToGround</altitudeMode><coordinates>-97.054243905424,32.962888496289,1 -97.053948705395,32.960516096052,1 -97.054089105409,32.959040995904,1 -97.053870405387,32.958767395877,1 </coordinates></LineString></Placemark></Folder><Placemark><name>Show Profile Line</name><visibility>0</visibility><styleUrl>#LS1</styleUrl><LineString><extrude>0</extrude><tessellate>0</tessellate><altitudeMode>relativeToGround</altitudeMode><coordinates>-97.052884905288,32.957475895748,1 -97.051363905136,32.959441495944,1 -97.051286505129,32.9610029961,1 -97.051517805152,32.961437696144,1 -97.050976905098,32.961551996155,1 -97.04980060498,32.963722796372,1 -97.049736704974,32.964556196456,1 -97.050051705005,32.964988196499,1 -97.048580204858,32.965694696569,1 -97.047526304753,32.965868396587,1 -97.047771104777,32.968120196812,1 -97.047530804753,32.968769096877,1 -97.047223004722,32.969966996997,1 -97.049263304926,32.971743597174,1 -97.051011105101,32.972535597254,1 -97.051739205174,32.972735397274,1 -97.050926505093,32.97389729739,1 -97.051288305129,32.974243797424,1 -97.048538804854,32.974847697485,1 -97.046887304689,32.974577697458,1 -97.046311304631,32.975212197521,1 -97.049047304905,32.975683797568,1 -97.05049720505,32.974913397491,1 -97.051089405109,32.974946697495,1 -97.051346805135,32.975348997535,1 -97.04910040491,32.976671997667,1 -97.047815204782,32.976879897688,1 -97.047253604725,32.976731397673,1 -97.045030604503,32.977936497794,1 -97.044663404466,32.978657397866,1 -97.044063104406,32.978678097868,1 -97.045324904533,32.976540597654,1 -97.04560480456,32.975426397543,1 -97.045311404531,32.974430097443,1 -97.044483404448,32.976710697671,1 -97.043913704391,32.97779789778,1 -97.043177504318,32.978235297824,1 -97.043685104369,32.975888997589,1 -97.044464504446,32.974515597452,1 -97.044983804498,32.973650697365,1 -97.045094504509,32.973161997316,1 -97.045325804533,32.970908397091,1 -97.045267304527,32.970493497049,1 -97.045212404521,32.970022797002,1 -97.046771204677,32.970228897023,1 -97.04839570484,32.969053496905,1 -97.048973504897,32.966676596668,1 -97.049926604993,32.965649696565,1 -97.050031005003,32.965070096507,1 -97.05160420516,32.964163796416,1 -97.054243905424,32.962888496289,1 -97.053948705395,32.960516096052,1 -97.054089105409,32.959040995904,1 -97.053870405387,32.958767395877,1 </coordinates></LineString></Placemark><gx:Tour><name>Complete Tour</name><gx:Playlist><gx:FlyTo><gx:duration>10</gx:duration><gx:flyToMode>bounce</gx:flyToMode><LookAt><latitude>32.965956776596</latitude><longitude>-97.048710704871</longitude><altitude>0</altitude><altitudeMode>relativeToGround</altitudeMode><heading>0</heading><tilt>65</tilt><range>2000</range></LookAt></gx:FlyTo><gx:Wait><gx:duration>1</gx:duration></gx:Wait><gx:FlyTo><gx:duration>5</gx:duration><gx:flyToMode>smooth</gx:flyToMode><LookAt><latitude>32.957475895748</latitude><longitude>-97.052884905288</longitude><altitude>22</altitude><altitudeMode>relativeToGround</altitudeMode><heading>32.995014308125</heading><tilt>70</tilt><range>90</range></LookAt></gx:FlyTo><gx:Wait><gx:duration>1</gx:duration></gx:Wait><gx:FlyTo><gx:duration>4</gx:duration><gx:flyToMode>smooth</gx:flyToMode><LookAt><latitude>32.957475895748</latitude><longitude>-97.052884905288</longitude><altitude>14</altitude><altitudeMode>relativeToGround</altitudeMode><heading>32.995014308125</heading><tilt>74</tilt><range>60</range></LookAt></gx:FlyTo><gx:Wait><gx:duration>2</gx:duration></gx:Wait><gx:FlyTo><gx:duration>4</gx:duration><gx:flyToMode>smooth</gx:flyToMode><LookAt><latitude>32.959441495944</latitude><longitude>-97.051363905136</longitude><altitude>11</altitude><altitudeMode>relativeToGround</altitudeMode><heading>2.381564132453</heading><tilt>75</tilt><range>45</range></LookAt></gx:FlyTo><gx:Wait><gx:duration>2</gx:duration></gx:Wait><gx:FlyTo><gx:duration>4</gx:duration><gx:flyToMode>smooth</gx:flyToMode><LookAt><latitude>32.9610029961</latitude><longitude>-97.051286505129</longitude><altitude>5.8228264288941</altitude><altitudeMode>relativeToGround</altitudeMode><heading>-24.058195615245</heading><tilt>75</tilt><range>56.766303570695</range></LookAt></gx:FlyTo><gx:Wait><gx:duration>2</gx:duration></gx:Wait><gx:FlyTo><gx:duration>4</gx:duration><gx:flyToMode>smooth</gx:flyToMode><LookAt><latitude>32.961437696144</latitude><longitude>-97.051517805152</longitude><altitude>0</altitude><altitudeMode>relativeToGround</altitudeMode><heading>-24.058195615245</heading><tilt>75</tilt><range>70</range></LookAt></gx:FlyTo><gx:Wait><gx:duration>2</gx:duration></gx:Wait><gx:FlyTo><gx:duration>5</gx:duration><gx:flyToMode>smooth</gx:flyToMode><LookAt><latitude>32.961551996155</latitude><longitude>-97.050976905098</longitude><altitude>22</altitude><altitudeMode>relativeToGround</altitudeMode><heading>24.448998907661</heading><tilt>70</tilt><range>90</range></LookAt></gx:FlyTo><gx:Wait><gx:duration>1</gx:duration></gx:Wait><gx:FlyTo><gx:duration>4</gx:duration><gx:flyToMode>smooth</gx:flyToMode><LookAt><latitude>32.961551996155</latitude><longitude>-97.050976905098</longitude><altitude>14</altitude><altitudeMode>relativeToGround</altitudeMode><heading>24.448998907661</heading><tilt>74</tilt><range>60</range></LookAt></gx:FlyTo><gx:Wait><gx:duration>2</gx:duration></gx:Wait><gx:FlyTo><gx:duration>4</gx:duration><gx:flyToMode>smooth</gx:flyToMode><LookAt><latitude>32.963722796372</latitude><longitude>-97.04980060498</longitude><altitude>10.214755814369</altitude><altitudeMode>relativeToGround</altitudeMode><heading>3.6807966003405</heading><tilt>75</tilt><range>46.784645876434</range></LookAt></gx:FlyTo><gx:Wait><gx:duration>2</gx:duration></gx:Wait><gx:FlyTo><gx:duration>4</gx:duration><gx:flyToMode>smooth</gx:flyToMode><LookAt><latitude>32.964556196456</latitude><longitude>-97.049736704974</longitude><altitude>0</altitude><altitudeMode>relativeToGround</altitudeMode><heading>3.6807966003405</heading><tilt>75</tilt><range>70</range></LookAt></gx:FlyTo><gx:Wait><gx:duration>2</gx:duration></gx:Wait><gx:FlyTo><gx:duration>5</gx:duration><gx:flyToMode>smooth</gx:flyToMode><LookAt><latitude>32.964988196499</latitude><longitude>-97.050051705005</longitude><altitude>22</altitude><altitudeMode>relativeToGround</altitudeMode><heading>60.219511563262</heading><tilt>70</tilt><range>90</range></LookAt></gx:FlyTo><gx:Wait><gx:duration>1</gx:duration></gx:Wait><gx:FlyTo><gx:duration>4</gx:duration><gx:flyToMode>smooth</gx:flyToMode><LookAt><latitude>32.964988196499</latitude><longitude>-97.050051705005</longitude><altitude>14</altitude><altitudeMode>relativeToGround</altitudeMode><heading>60.219511563262</heading><tilt>74</tilt><range>60</range></LookAt></gx:FlyTo><gx:Wait><gx:duration>2</gx:duration></gx:Wait><gx:FlyTo><gx:duration>4</gx:duration><gx:flyToMode>smooth</gx:flyToMode><LookAt><latitude>32.965694696569</latitude><longitude>-97.048580204858</longitude><altitude>0</altitude><altitudeMode>relativeToGround</altitudeMode><heading>60.219511563262</heading><tilt>75</tilt><range>70</range></LookAt></gx:FlyTo><gx:Wait><gx:duration>2</gx:duration></gx:Wait><gx:FlyTo><gx:duration>5</gx:duration><gx:flyToMode>smooth</gx:flyToMode><LookAt><latitude>32.965868396587</latitude><longitude>-97.047526304753</longitude><altitude>22</altitude><altitudeMode>relativeToGround</altitudeMode><heading>-5.2115094001027</heading><tilt>70</tilt><range>90</range></LookAt></gx:FlyTo><gx:Wait><gx:duration>1</gx:duration></gx:Wait><gx:FlyTo><gx:duration>4</gx:duration><gx:flyToMode>smooth</gx:flyToMode><LookAt><latitude>32.965868396587</latitude><longitude>-97.047526304753</longitude><altitude>14</altitude><altitudeMode>relativeToGround</altitudeMode><heading>-5.2115094001027</heading><tilt>74</tilt><range>60</range></LookAt></gx:FlyTo><gx:Wait><gx:duration>2</gx:duration></gx:Wait><gx:FlyTo><gx:duration>4</gx:duration><gx:flyToMode>smooth</gx:flyToMode><LookAt><latitude>32.968120196812</latitude><longitude>-97.047771104777</longitude><altitude>8.3112266328655</altitude><altitudeMode>relativeToGround</altitudeMode><heading>17.259383253169</heading><tilt>75</tilt><range>51.110848561669</range></LookAt></gx:FlyTo><gx:Wait><gx:duration>2</gx:duration></gx:Wait><gx:FlyTo><gx:duration>4</gx:duration><gx:flyToMode>smooth</gx:flyToMode><LookAt><latitude>32.968769096877</latitude><longitude>-97.047530804753</longitude><altitude>0</altitude><altitudeMode>relativeToGround</altitudeMode><heading>17.259383253169</heading><tilt>75</tilt><range>70</range></LookAt></gx:FlyTo><gx:Wait><gx:duration>2</gx:duration></gx:Wait><gx:FlyTo><gx:duration>5</gx:duration><gx:flyToMode>smooth</gx:flyToMode><LookAt><latitude>32.969966996997</latitude><longitude>-97.047223004722</longitude><altitude>22</altitude><altitudeMode>relativeToGround</altitudeMode><heading>-43.934496694179</heading><tilt>70</tilt><range>90</range></LookAt></gx:FlyTo><gx:Wait><gx:duration>1</gx:duration></gx:Wait><gx:FlyTo><gx:duration>4</gx:duration><gx:flyToMode>smooth</gx:flyToMode><LookAt><latitude>32.969966996997</latitude><longitude>-97.047223004722</longitude><altitude>14</altitude><altitudeMode>relativeToGround</altitudeMode><heading>-43.934496694179</heading><tilt>74</tilt><range>60</range></LookAt></gx:FlyTo><gx:Wait><gx:duration>2</gx:duration></gx:Wait><gx:FlyTo><gx:duration>4</gx:duration><gx:flyToMode>smooth</gx:flyToMode><LookAt><latitude>32.971743597174</latitude><longitude>-97.049263304926</longitude><altitude>11</altitude><altitudeMode>relativeToGround</altitudeMode><heading>-61.624926263416</heading><tilt>75</tilt><range>45</range></LookAt></gx:FlyTo><gx:Wait><gx:duration>2</gx:duration></gx:Wait><gx:FlyTo><gx:duration>4</gx:duration><gx:flyToMode>smooth</gx:flyToMode><LookAt><latitude>32.972535597254</latitude><longitude>-97.051011105101</longitude><altitude>0</altitude><altitudeMode>relativeToGround</altitudeMode><heading>-61.624926263416</heading><tilt>75</tilt><range>70</range></LookAt></gx:FlyTo><gx:Wait><gx:duration>2</gx:duration></gx:Wait><gx:FlyTo><gx:duration>5</gx:duration><gx:flyToMode>smooth</gx:flyToMode><LookAt><latitude>32.972735397274</latitude><longitude>-97.051739205174</longitude><altitude>22</altitude><altitudeMode>relativeToGround</altitudeMode><heading>30.404234707001</heading><tilt>70</tilt><range>90</range></LookAt></gx:FlyTo><gx:Wait><gx:duration>1</gx:duration></gx:Wait><gx:FlyTo><gx:duration>4</gx:duration><gx:flyToMode>smooth</gx:flyToMode><LookAt><latitude>32.972735397274</latitude><longitude>-97.051739205174</longitude><altitude>14</altitude><altitudeMode>relativeToGround</altitudeMode><heading>30.404234707001</heading><tilt>74</tilt><range>60</range></LookAt></gx:FlyTo><gx:Wait><gx:duration>2</gx:duration></gx:Wait><gx:FlyTo><gx:duration>4</gx:duration><gx:flyToMode>smooth</gx:flyToMode><LookAt><latitude>32.97389729739</latitude><longitude>-97.050926505093</longitude><altitude>0</altitude><altitudeMode>relativeToGround</altitudeMode><heading>30.404234707001</heading><tilt>75</tilt><range>70</range></LookAt></gx:FlyTo><gx:Wait><gx:duration>2</gx:duration></gx:Wait><gx:FlyTo><gx:duration>5</gx:duration><gx:flyToMode>smooth</gx:flyToMode><LookAt><latitude>32.974243797424</latitude><longitude>-97.051288305129</longitude><altitude>22</altitude><altitudeMode>relativeToGround</altitudeMode><heading>75.328463192724</heading><tilt>70</tilt><range>90</range></LookAt></gx:FlyTo><gx:Wait><gx:duration>1</gx:duration></gx:Wait><gx:FlyTo><gx:duration>4</gx:duration><gx:flyToMode>smooth</gx:flyToMode><LookAt><latitude>32.974243797424</latitude><longitude>-97.051288305129</longitude><altitude>14</altitude><altitudeMode>relativeToGround</altitudeMode><heading>75.328463192724</heading><tilt>74</tilt><range>60</range></LookAt></gx:FlyTo><gx:Wait><gx:duration>2</gx:duration></gx:Wait><gx:FlyTo><gx:duration>4</gx:duration><gx:flyToMode>smooth</gx:flyToMode><LookAt><latitude>32.974847697485</latitude><longitude>-97.048538804854</longitude><altitude>11</altitude><altitudeMode>relativeToGround</altitudeMode><heading>101.02765363937</heading><tilt>75</tilt><range>45</range></LookAt></gx:FlyTo><gx:Wait><gx:duration>2</gx:duration></gx:Wait><gx:FlyTo><gx:duration>4</gx:duration><gx:flyToMode>smooth</gx:flyToMode><LookAt><latitude>32.974577697458</latitude><longitude>-97.046887304689</longitude><altitude>0</altitude><altitudeMode>relativeToGround</altitudeMode><heading>101.02765363937</heading><tilt>75</tilt><range>70</range></LookAt></gx:FlyTo><gx:Wait><gx:duration>2</gx:duration></gx:Wait><gx:FlyTo><gx:duration>5</gx:duration><gx:flyToMode>smooth</gx:flyToMode><LookAt><latitude>32.975212197521</latitude><longitude>-97.046311304631</longitude><altitude>22</altitude><altitudeMode>relativeToGround</altitudeMode><heading>-78.389139269785</heading><tilt>70</tilt><range>90</range></LookAt></gx:FlyTo><gx:Wait><gx:duration>1</gx:duration></gx:Wait><gx:FlyTo><gx:duration>4</gx:duration><gx:flyToMode>smooth</gx:flyToMode><LookAt><latitude>32.975212197521</latitude><longitude>-97.046311304631</longitude><altitude>14</altitude><altitudeMode>relativeToGround</altitudeMode><heading>-78.389139269785</heading><tilt>74</tilt><range>60</range></LookAt></gx:FlyTo><gx:Wait><gx:duration>2</gx:duration></gx:Wait><gx:FlyTo><gx:duration>4</gx:duration><gx:flyToMode>smooth</gx:flyToMode><LookAt><latitude>32.975683797568</latitude><longitude>-97.049047304905</longitude><altitude>11</altitude><altitudeMode>relativeToGround</altitudeMode><heading>-122.34952100474</heading><tilt>75</tilt><range>45</range></LookAt></gx:FlyTo><gx:Wait><gx:duration>2</gx:duration></gx:Wait><gx:FlyTo><gx:duration>4</gx:duration><gx:flyToMode>smooth</gx:flyToMode><LookAt><latitude>32.974913397491</latitude><longitude>-97.05049720505</longitude><altitude>6.0902393273886</altitude><altitudeMode>relativeToGround</altitudeMode><heading>-86.165272668155</heading><tilt>75</tilt><range>56.158546983208</range></LookAt></gx:FlyTo><gx:Wait><gx:duration>2</gx:duration></gx:Wait><gx:FlyTo><gx:duration>4</gx:duration><gx:flyToMode>smooth</gx:flyToMode><LookAt><latitude>32.974946697495</latitude><longitude>-97.051089405109</longitude><altitude>0</altitude><altitudeMode>relativeToGround</altitudeMode><heading>-86.165272668155</heading><tilt>75</tilt><range>70</range></LookAt></gx:FlyTo><gx:Wait><gx:duration>2</gx:duration></gx:Wait><gx:FlyTo><gx:duration>5</gx:duration><gx:flyToMode>smooth</gx:flyToMode><LookAt><latitude>32.975348997535</latitude><longitude>-97.051346805135</longitude><altitude>22</altitude><altitudeMode>relativeToGround</altitudeMode><heading>54.92972088723</heading><tilt>70</tilt><range>90</range></LookAt></gx:FlyTo><gx:Wait><gx:duration>1</gx:duration></gx:Wait><gx:FlyTo><gx:duration>4</gx:duration><gx:flyToMode>smooth</gx:flyToMode><LookAt><latitude>32.975348997535</latitude><longitude>-97.051346805135</longitude><altitude>14</altitude><altitudeMode>relativeToGround</altitudeMode><heading>54.92972088723</heading><tilt>74</tilt><range>60</range></LookAt></gx:FlyTo><gx:Wait><gx:duration>2</gx:duration></gx:Wait><gx:FlyTo><gx:duration>4</gx:duration><gx:flyToMode>smooth</gx:flyToMode><LookAt><latitude>32.976671997667</latitude><longitude>-97.04910040491</longitude><altitude>11</altitude><altitudeMode>relativeToGround</altitudeMode><heading>79.085543646059</heading><tilt>75</tilt><range>45</range></LookAt></gx:FlyTo><gx:Wait><gx:duration>2</gx:duration></gx:Wait><gx:FlyTo><gx:duration>4</gx:duration><gx:flyToMode>smooth</gx:flyToMode><LookAt><latitude>32.976879897688</latitude><longitude>-97.047815204782</longitude><altitude>0</altitude><altitudeMode>relativeToGround</altitudeMode><heading>79.085543646059</heading><tilt>75</tilt><range>70</range></LookAt></gx:FlyTo><gx:Wait><gx:duration>2</gx:duration></gx:Wait><gx:FlyTo><gx:duration>5</gx:duration><gx:flyToMode>smooth</gx:flyToMode><LookAt><latitude>32.976731397673</latitude><longitude>-97.047253604725</longitude><altitude>22</altitude><altitudeMode>relativeToGround</altitudeMode><heading>57.128807220599</heading><tilt>70</tilt><range>90</range></LookAt></gx:FlyTo><gx:Wait><gx:duration>1</gx:duration></gx:Wait><gx:FlyTo><gx:duration>4</gx:duration><gx:flyToMode>smooth</gx:flyToMode><LookAt><latitude>32.976731397673</latitude><longitude>-97.047253604725</longitude><altitude>14</altitude><altitudeMode>relativeToGround</altitudeMode><heading>57.128807220599</heading><tilt>74</tilt><range>60</range></LookAt></gx:FlyTo><gx:Wait><gx:duration>2</gx:duration></gx:Wait><gx:FlyTo><gx:duration>4</gx:duration><gx:flyToMode>smooth</gx:flyToMode><LookAt><latitude>32.977936497794</latitude><longitude>-97.045030604503</longitude><altitude>9.5888858214796</altitude><altitudeMode>relativeToGround</altitudeMode><heading>23.136766768618</heading><tilt>75</tilt><range>48.207077678455</range></LookAt></gx:FlyTo><gx:Wait><gx:duration>2</gx:duration></gx:Wait><gx:FlyTo><gx:duration>4</gx:duration><gx:flyToMode>smooth</gx:flyToMode><LookAt><latitude>32.978657397866</latitude><longitude>-97.044663404466</longitude><altitude>0</altitude><altitudeMode>relativeToGround</altitudeMode><heading>23.136766768618</heading><tilt>75</tilt><range>70</range></LookAt></gx:FlyTo><gx:Wait><gx:duration>2</gx:duration></gx:Wait><gx:FlyTo><gx:duration>5</gx:duration><gx:flyToMode>smooth</gx:flyToMode><LookAt><latitude>32.978678097868</latitude><longitude>-97.044063104406</longitude><altitude>22</altitude><altitudeMode>relativeToGround</altitudeMode><heading>-153.65538264589</heading><tilt>70</tilt><range>90</range></LookAt></gx:FlyTo><gx:Wait><gx:duration>1</gx:duration></gx:Wait><gx:FlyTo><gx:duration>4</gx:duration><gx:flyToMode>smooth</gx:flyToMode><LookAt><latitude>32.978678097868</latitude><longitude>-97.044063104406</longitude><altitude>14</altitude><altitudeMode>relativeToGround</altitudeMode><heading>-153.65538264589</heading><tilt>74</tilt><range>60</range></LookAt></gx:FlyTo><gx:Wait><gx:duration>2</gx:duration></gx:Wait><gx:FlyTo><gx:duration>4</gx:duration><gx:flyToMode>smooth</gx:flyToMode><LookAt><latitude>32.976540597654</latitude><longitude>-97.045324904533</longitude><altitude>11</altitude><altitudeMode>relativeToGround</altitudeMode><heading>-168.09962961425</heading><tilt>75</tilt><range>45</range></LookAt></gx:FlyTo><gx:Wait><gx:duration>2</gx:duration></gx:Wait><gx:FlyTo><gx:duration>4</gx:duration><gx:flyToMode>smooth</gx:flyToMode><LookAt><latitude>32.975426397543</latitude><longitude>-97.04560480456</longitude><altitude>0</altitude><altitudeMode>relativeToGround</altitudeMode><heading>-168.09962961425</heading><tilt>75</tilt><range>70</range></LookAt></gx:FlyTo><gx:Wait><gx:duration>2</gx:duration></gx:Wait><gx:FlyTo><gx:duration>5</gx:duration><gx:flyToMode>smooth</gx:flyToMode><LookAt><latitude>32.974430097443</latitude><longitude>-97.045311404531</longitude><altitude>22</altitude><altitudeMode>relativeToGround</altitudeMode><heading>16.939578334069</heading><tilt>70</tilt><range>90</range></LookAt></gx:FlyTo><gx:Wait><gx:duration>1</gx:duration></gx:Wait><gx:FlyTo><gx:duration>4</gx:duration><gx:flyToMode>smooth</gx:flyToMode><LookAt><latitude>32.974430097443</latitude><longitude>-97.045311404531</longitude><altitude>14</altitude><altitudeMode>relativeToGround</altitudeMode><heading>16.939578334069</heading><tilt>74</tilt><range>60</range></LookAt></gx:FlyTo><gx:Wait><gx:duration>2</gx:duration></gx:Wait><gx:FlyTo><gx:duration>4</gx:duration><gx:flyToMode>smooth</gx:flyToMode><LookAt><latitude>32.976710697671</latitude><longitude>-97.044483404448</longitude><altitude>11</altitude><altitudeMode>relativeToGround</altitudeMode><heading>23.729565662478</heading><tilt>75</tilt><range>45</range></LookAt></gx:FlyTo><gx:Wait><gx:duration>2</gx:duration></gx:Wait><gx:FlyTo><gx:duration>4</gx:duration><gx:flyToMode>smooth</gx:flyToMode><LookAt><latitude>32.97779789778</latitude><longitude>-97.043913704391</longitude><altitude>0</altitude><altitudeMode>relativeToGround</altitudeMode><heading>23.729565662478</heading><tilt>75</tilt><range>70</range></LookAt></gx:FlyTo><gx:Wait><gx:duration>2</gx:duration></gx:Wait><gx:FlyTo><gx:duration>5</gx:duration><gx:flyToMode>smooth</gx:flyToMode><LookAt><latitude>32.978235297824</latitude><longitude>-97.043177504318</longitude><altitude>22</altitude><altitudeMode>relativeToGround</altitudeMode><heading>-169.71373031047</heading><tilt>70</tilt><range>90</range></LookAt></gx:FlyTo><gx:Wait><gx:duration>1</gx:duration></gx:Wait><gx:FlyTo><gx:duration>4</gx:duration><gx:flyToMode>smooth</gx:flyToMode><LookAt><latitude>32.978235297824</latitude><longitude>-97.043177504318</longitude><altitude>14</altitude><altitudeMode>relativeToGround</altitudeMode><heading>-169.71373031047</heading><tilt>74</tilt><range>60</range></LookAt></gx:FlyTo><gx:Wait><gx:duration>2</gx:duration></gx:Wait><gx:FlyTo><gx:duration>4</gx:duration><gx:flyToMode>smooth</gx:flyToMode><LookAt><latitude>32.975888997589</latitude><longitude>-97.043685104369</longitude><altitude>11</altitude><altitudeMode>relativeToGround</altitudeMode><heading>-154.54215016405</heading><tilt>75</tilt><range>45</range></LookAt></gx:FlyTo><gx:Wait><gx:duration>2</gx:duration></gx:Wait><gx:FlyTo><gx:duration>4</gx:duration><gx:flyToMode>smooth</gx:flyToMode><LookAt><latitude>32.974515597452</latitude><longitude>-97.044464504446</longitude><altitude>11</altitude><altitudeMode>relativeToGround</altitudeMode><heading>-153.26574962436</heading><tilt>75</tilt><range>45</range></LookAt></gx:FlyTo><gx:Wait><gx:duration>2</gx:duration></gx:Wait><gx:FlyTo><gx:duration>4</gx:duration><gx:flyToMode>smooth</gx:flyToMode><LookAt><latitude>32.973650697365</latitude><longitude>-97.044983804498</longitude><altitude>0</altitude><altitudeMode>relativeToGround</altitudeMode><heading>-153.26574962436</heading><tilt>75</tilt><range>70</range></LookAt></gx:FlyTo><gx:Wait><gx:duration>2</gx:duration></gx:Wait><gx:FlyTo><gx:duration>5</gx:duration><gx:flyToMode>smooth</gx:flyToMode><LookAt><latitude>32.973161997316</latitude><longitude>-97.045094504509</longitude><altitude>22</altitude><altitudeMode>relativeToGround</altitudeMode><heading>-175.07875439628</heading><tilt>70</tilt><range>90</range></LookAt></gx:FlyTo><gx:Wait><gx:duration>1</gx:duration></gx:Wait><gx:FlyTo><gx:duration>4</gx:duration><gx:flyToMode>smooth</gx:flyToMode><LookAt><latitude>32.973161997316</latitude><longitude>-97.045094504509</longitude><altitude>14</altitude><altitudeMode>relativeToGround</altitudeMode><heading>-175.07875439628</heading><tilt>74</tilt><range>60</range></LookAt></gx:FlyTo><gx:Wait><gx:duration>2</gx:duration></gx:Wait><gx:FlyTo><gx:duration>4</gx:duration><gx:flyToMode>smooth</gx:flyToMode><LookAt><latitude>32.970908397091</latitude><longitude>-97.045325804533</longitude><altitude>5.1102070617113</altitude><altitudeMode>relativeToGround</altitudeMode><heading>173.2538475664</heading><tilt>75</tilt><range>58.385893041565</range></LookAt></gx:FlyTo><gx:Wait><gx:duration>2</gx:duration></gx:Wait><gx:FlyTo><gx:duration>4</gx:duration><gx:flyToMode>smooth</gx:flyToMode><LookAt><latitude>32.970493497049</latitude><longitude>-97.045267304527</longitude><altitude>0</altitude><altitudeMode>relativeToGround</altitudeMode><heading>173.2538475664</heading><tilt>75</tilt><range>70</range></LookAt></gx:FlyTo><gx:Wait><gx:duration>2</gx:duration></gx:Wait><gx:FlyTo><gx:duration>5</gx:duration><gx:flyToMode>smooth</gx:flyToMode><LookAt><latitude>32.970022797002</latitude><longitude>-97.045212404521</longitude><altitude>22</altitude><altitudeMode>relativeToGround</altitudeMode><heading>-81.044002634717</heading><tilt>70</tilt><range>90</range></LookAt></gx:FlyTo><gx:Wait><gx:duration>1</gx:duration></gx:Wait><gx:FlyTo><gx:duration>4</gx:duration><gx:flyToMode>smooth</gx:flyToMode><LookAt><latitude>32.970022797002</latitude><longitude>-97.045212404521</longitude><altitude>14</altitude><altitudeMode>relativeToGround</altitudeMode><heading>-81.044002634717</heading><tilt>74</tilt><range>60</range></LookAt></gx:FlyTo><gx:Wait><gx:duration>2</gx:duration></gx:Wait><gx:FlyTo><gx:duration>4</gx:duration><gx:flyToMode>smooth</gx:flyToMode><LookAt><latitude>32.970228897023</latitude><longitude>-97.046771204677</longitude><altitude>0</altitude><altitudeMode>relativeToGround</altitudeMode><heading>-81.044002634717</heading><tilt>75</tilt><range>70</range></LookAt></gx:FlyTo><gx:Wait><gx:duration>2</gx:duration></gx:Wait><gx:FlyTo><gx:duration>5</gx:duration><gx:flyToMode>smooth</gx:flyToMode><LookAt><latitude>32.969053496905</latitude><longitude>-97.04839570484</longitude><altitude>22</altitude><altitudeMode>relativeToGround</altitudeMode><heading>-168.47296711804</heading><tilt>70</tilt><range>90</range></LookAt></gx:FlyTo><gx:Wait><gx:duration>1</gx:duration></gx:Wait><gx:FlyTo><gx:duration>4</gx:duration><gx:flyToMode>smooth</gx:flyToMode><LookAt><latitude>32.969053496905</latitude><longitude>-97.04839570484</longitude><altitude>14</altitude><altitudeMode>relativeToGround</altitudeMode><heading>-168.47296711804</heading><tilt>74</tilt><range>60</range></LookAt></gx:FlyTo><gx:Wait><gx:duration>2</gx:duration></gx:Wait><gx:FlyTo><gx:duration>4</gx:duration><gx:flyToMode>smooth</gx:flyToMode><LookAt><latitude>32.966676596668</latitude><longitude>-97.048973504897</longitude><altitude>11</altitude><altitudeMode>relativeToGround</altitudeMode><heading>-142.09239767946</heading><tilt>75</tilt><range>45</range></LookAt></gx:FlyTo><gx:Wait><gx:duration>2</gx:duration></gx:Wait><gx:FlyTo><gx:duration>4</gx:duration><gx:flyToMode>smooth</gx:flyToMode><LookAt><latitude>32.965649696565</latitude><longitude>-97.049926604993</longitude><altitude>0</altitude><altitudeMode>relativeToGround</altitudeMode><heading>-142.09239767946</heading><tilt>75</tilt><range>70</range></LookAt></gx:FlyTo><gx:Wait><gx:duration>2</gx:duration></gx:Wait><gx:FlyTo><gx:duration>5</gx:duration><gx:flyToMode>smooth</gx:flyToMode><LookAt><latitude>32.965070096507</latitude><longitude>-97.050031005003</longitude><altitude>22</altitude><altitudeMode>relativeToGround</altitudeMode><heading>-124.47478626131</heading><tilt>70</tilt><range>90</range></LookAt></gx:FlyTo><gx:Wait><gx:duration>1</gx:duration></gx:Wait><gx:FlyTo><gx:duration>4</gx:duration><gx:flyToMode>smooth</gx:flyToMode><LookAt><latitude>32.965070096507</latitude><longitude>-97.050031005003</longitude><altitude>14</altitude><altitudeMode>relativeToGround</altitudeMode><heading>-124.47478626131</heading><tilt>74</tilt><range>60</range></LookAt></gx:FlyTo><gx:Wait><gx:duration>2</gx:duration></gx:Wait><gx:FlyTo><gx:duration>4</gx:duration><gx:flyToMode>smooth</gx:flyToMode><LookAt><latitude>32.964163796416</latitude><longitude>-97.05160420516</longitude><altitude>0</altitude><altitudeMode>relativeToGround</altitudeMode><heading>-124.47478626131</heading><tilt>75</tilt><range>70</range></LookAt></gx:FlyTo><gx:Wait><gx:duration>2</gx:duration></gx:Wait><gx:FlyTo><gx:duration>5</gx:duration><gx:flyToMode>smooth</gx:flyToMode><LookAt><latitude>32.962888496289</latitude><longitude>-97.054243905424</longitude><altitude>22</altitude><altitudeMode>relativeToGround</altitudeMode><heading>174.03988599711</heading><tilt>70</tilt><range>90</range></LookAt></gx:FlyTo><gx:Wait><gx:duration>1</gx:duration></gx:Wait><gx:FlyTo><gx:duration>4</gx:duration><gx:flyToMode>smooth</gx:flyToMode><LookAt><latitude>32.962888496289</latitude><longitude>-97.054243905424</longitude><altitude>14</altitude><altitudeMode>relativeToGround</altitudeMode><heading>174.03988599711</heading><tilt>74</tilt><range>60</range></LookAt></gx:FlyTo><gx:Wait><gx:duration>2</gx:duration></gx:Wait><gx:FlyTo><gx:duration>4</gx:duration><gx:flyToMode>smooth</gx:flyToMode><LookAt><latitude>32.960516096052</latitude><longitude>-97.053948705395</longitude><altitude>11</altitude><altitudeMode>relativeToGround</altitudeMode><heading>-175.43402879992</heading><tilt>75</tilt><range>45</range></LookAt></gx:FlyTo><gx:Wait><gx:duration>2</gx:duration></gx:Wait><gx:FlyTo><gx:duration>4</gx:duration><gx:flyToMode>smooth</gx:flyToMode><LookAt><latitude>32.959040995904</latitude><longitude>-97.054089105409</longitude><altitude>4.0295147732236</altitude><altitudeMode>relativeToGround</altitudeMode><heading>146.1504108002</heading><tilt>75</tilt><range>60.842011879037</range></LookAt></gx:FlyTo><gx:Wait><gx:duration>2</gx:duration></gx:Wait><gx:FlyTo><gx:duration>4</gx:duration><gx:flyToMode>smooth</gx:flyToMode><LookAt><latitude>32.958767395877</latitude><longitude>-97.053870405387</longitude><altitude>0</altitude><altitudeMode>relativeToGround</altitudeMode><heading>146.1504108002</heading><tilt>75</tilt><range>70</range></LookAt></gx:FlyTo><gx:Wait><gx:duration>2</gx:duration></gx:Wait><gx:Wait><gx:duration>2</gx:duration></gx:Wait><gx:FlyTo><gx:duration>5</gx:duration><gx:flyToMode>bounce</gx:flyToMode><LookAt><latitude>32.965956776596</latitude><longitude>-97.048710704871</longitude><altitude>0</altitude><altitudeMode>relativeToGround</altitudeMode><heading>0</heading><tilt>65</tilt><range>2000</range></LookAt></gx:FlyTo><gx:Wait><gx:duration>5</gx:duration></gx:Wait></gx:Playlist></gx:Tour><gx:Tour><name>Hole 1 - Par 5 - 533 yards</name><gx:Playlist><gx:FlyTo><gx:duration>5</gx:duration><gx:flyToMode>smooth</gx:flyToMode><LookAt><latitude>32.957475895748</latitude><longitude>-97.052884905288</longitude><altitude>22</altitude><altitudeMode>relativeToGround</altitudeMode><heading>32.995014308125</heading><tilt>70</tilt><range>90</range></LookAt></gx:FlyTo><gx:Wait><gx:duration>1</gx:duration></gx:Wait><gx:FlyTo><gx:duration>4</gx:duration><gx:flyToMode>smooth</gx:flyToMode><LookAt><latitude>32.957475895748</latitude><longitude>-97.052884905288</longitude><altitude>14</altitude><altitudeMode>relativeToGround</altitudeMode><heading>32.995014308125</heading><tilt>74</tilt><range>60</range></LookAt></gx:FlyTo><gx:Wait><gx:duration>2</gx:duration></gx:Wait><gx:FlyTo><gx:duration>4</gx:duration><gx:flyToMode>smooth</gx:flyToMode><LookAt><latitude>32.959441495944</latitude><longitude>-97.051363905136</longitude><altitude>11</altitude><altitudeMode>relativeToGround</altitudeMode><heading>2.381564132453</heading><tilt>75</tilt><range>45</range></LookAt></gx:FlyTo><gx:Wait><gx:duration>2</gx:duration></gx:Wait><gx:FlyTo><gx:duration>4</gx:duration><gx:flyToMode>smooth</gx:flyToMode><LookAt><latitude>32.9610029961</latitude><longitude>-97.051286505129</longitude><altitude>5.8228264288941</altitude><altitudeMode>relativeToGround</altitudeMode><heading>-24.058195615245</heading><tilt>75</tilt><range>56.766303570695</range></LookAt></gx:FlyTo><gx:Wait><gx:duration>2</gx:duration></gx:Wait><gx:FlyTo><gx:duration>4</gx:duration><gx:flyToMode>smooth</gx:flyToMode><LookAt><latitude>32.961437696144</latitude><longitude>-97.051517805152</longitude><altitude>0</altitude><altitudeMode>relativeToGround</altitudeMode><heading>-24.058195615245</heading><tilt>75</tilt><range>70</range></LookAt></gx:FlyTo><gx:Wait><gx:duration>2</gx:duration></gx:Wait><gx:FlyTo><gx:duration>5</gx:duration><gx:flyToMode>smooth</gx:flyToMode><LookAt><latitude>32.961437696144</latitude><longitude>-97.051517805152</longitude><altitude>0</altitude><altitudeMode>relativeToGround</altitudeMode><heading>245.94180438475</heading><tilt>75</tilt><range>60</range></LookAt></gx:FlyTo><gx:Wait><gx:duration>2</gx:duration></gx:Wait><gx:FlyTo><gx:duration>5</gx:duration><gx:flyToMode>smooth</gx:flyToMode><LookAt><latitude>32.961437696144</latitude><longitude>-97.051517805152</longitude><altitude>0</altitude><altitudeMode>relativeToGround</altitudeMode><heading>155.94180438475</heading><tilt>75</tilt><range>60</range></LookAt></gx:FlyTo><gx:Wait><gx:duration>2</gx:duration></gx:Wait><gx:FlyTo><gx:duration>5</gx:duration><gx:flyToMode>smooth</gx:flyToMode><LookAt><latitude>32.961437696144</latitude><longitude>-97.051517805152</longitude><altitude>0</altitude><altitudeMode>relativeToGround</altitudeMode><heading>65.941804384755</heading><tilt>75</tilt><range>60</range></LookAt></gx:FlyTo><gx:Wait><gx:duration>2</gx:duration></gx:Wait><gx:FlyTo><gx:duration>5</gx:duration><gx:flyToMode>smooth</gx:flyToMode><LookAt><latitude>32.957475895748</latitude><longitude>-97.052884905288</longitude><altitude>22</altitude><altitudeMode>relativeToGround</altitudeMode><heading>32.995014308125</heading><tilt>70</tilt><range>90</range></LookAt></gx:FlyTo><gx:Wait><gx:duration>5</gx:duration></gx:Wait></gx:Playlist></gx:Tour><gx:Tour><name>Hole 2 - Par 4 - 392 yards</name><gx:Playlist><gx:FlyTo><gx:duration>5</gx:duration><gx:flyToMode>smooth</gx:flyToMode><LookAt><latitude>32.961551996155</latitude><longitude>-97.050976905098</longitude><altitude>22</altitude><altitudeMode>relativeToGround</altitudeMode><heading>24.448998907661</heading><tilt>70</tilt><range>90</range></LookAt></gx:FlyTo><gx:Wait><gx:duration>1</gx:duration></gx:Wait><gx:FlyTo><gx:duration>4</gx:duration><gx:flyToMode>smooth</gx:flyToMode><LookAt><latitude>32.961551996155</latitude><longitude>-97.050976905098</longitude><altitude>14</altitude><altitudeMode>relativeToGround</altitudeMode><heading>24.448998907661</heading><tilt>74</tilt><range>60</range></LookAt></gx:FlyTo><gx:Wait><gx:duration>2</gx:duration></gx:Wait><gx:FlyTo><gx:duration>4</gx:duration><gx:flyToMode>smooth</gx:flyToMode><LookAt><latitude>32.963722796372</latitude><longitude>-97.04980060498</longitude><altitude>10.214755814369</altitude><altitudeMode>relativeToGround</altitudeMode><heading>3.6807966003405</heading><tilt>75</tilt><range>46.784645876434</range></LookAt></gx:FlyTo><gx:Wait><gx:duration>2</gx:duration></gx:Wait><gx:FlyTo><gx:duration>4</gx:duration><gx:flyToMode>smooth</gx:flyToMode><LookAt><latitude>32.964556196456</latitude><longitude>-97.049736704974</longitude><altitude>0</altitude><altitudeMode>relativeToGround</altitudeMode><heading>3.6807966003405</heading><tilt>75</tilt><range>70</range></LookAt></gx:FlyTo><gx:Wait><gx:duration>2</gx:duration></gx:Wait><gx:FlyTo><gx:duration>5</gx:duration><gx:flyToMode>smooth</gx:flyToMode><LookAt><latitude>32.964556196456</latitude><longitude>-97.049736704974</longitude><altitude>0</altitude><altitudeMode>relativeToGround</altitudeMode><heading>273.68079660034</heading><tilt>75</tilt><range>60</range></LookAt></gx:FlyTo><gx:Wait><gx:duration>2</gx:duration></gx:Wait><gx:FlyTo><gx:duration>5</gx:duration><gx:flyToMode>smooth</gx:flyToMode><LookAt><latitude>32.964556196456</latitude><longitude>-97.049736704974</longitude><altitude>0</altitude><altitudeMode>relativeToGround</altitudeMode><heading>183.68079660034</heading><tilt>75</tilt><range>60</range></LookAt></gx:FlyTo><gx:Wait><gx:duration>2</gx:duration></gx:Wait><gx:FlyTo><gx:duration>5</gx:duration><gx:flyToMode>smooth</gx:flyToMode><LookAt><latitude>32.964556196456</latitude><longitude>-97.049736704974</longitude><altitude>0</altitude><altitudeMode>relativeToGround</altitudeMode><heading>93.68079660034</heading><tilt>75</tilt><range>60</range></LookAt></gx:FlyTo><gx:Wait><gx:duration>2</gx:duration></gx:Wait><gx:FlyTo><gx:duration>5</gx:duration><gx:flyToMode>smooth</gx:flyToMode><LookAt><latitude>32.961551996155</latitude><longitude>-97.050976905098</longitude><altitude>22</altitude><altitudeMode>relativeToGround</altitudeMode><heading>24.448998907661</heading><tilt>70</tilt><range>90</range></LookAt></gx:FlyTo><gx:Wait><gx:duration>5</gx:duration></gx:Wait></gx:Playlist></gx:Tour><gx:Tour><name>Hole 3 - Par 3 - 173 yards</name><gx:Playlist><gx:FlyTo><gx:duration>5</gx:duration><gx:flyToMode>smooth</gx:flyToMode><LookAt><latitude>32.964988196499</latitude><longitude>-97.050051705005</longitude><altitude>22</altitude><altitudeMode>relativeToGround</altitudeMode><heading>60.219511563262</heading><tilt>70</tilt><range>90</range></LookAt></gx:FlyTo><gx:Wait><gx:duration>1</gx:duration></gx:Wait><gx:FlyTo><gx:duration>4</gx:duration><gx:flyToMode>smooth</gx:flyToMode><LookAt><latitude>32.964988196499</latitude><longitude>-97.050051705005</longitude><altitude>14</altitude><altitudeMode>relativeToGround</altitudeMode><heading>60.219511563262</heading><tilt>74</tilt><range>60</range></LookAt></gx:FlyTo><gx:Wait><gx:duration>2</gx:duration></gx:Wait><gx:FlyTo><gx:duration>4</gx:duration><gx:flyToMode>smooth</gx:flyToMode><LookAt><latitude>32.965694696569</latitude><longitude>-97.048580204858</longitude><altitude>0</altitude><altitudeMode>relativeToGround</altitudeMode><heading>60.219511563262</heading><tilt>75</tilt><range>70</range></LookAt></gx:FlyTo><gx:Wait><gx:duration>2</gx:duration></gx:Wait><gx:FlyTo><gx:duration>5</gx:duration><gx:flyToMode>smooth</gx:flyToMode><LookAt><latitude>32.965694696569</latitude><longitude>-97.048580204858</longitude><altitude>0</altitude><altitudeMode>relativeToGround</altitudeMode><heading>330.21951156326</heading><tilt>75</tilt><range>60</range></LookAt></gx:FlyTo><gx:Wait><gx:duration>2</gx:duration></gx:Wait><gx:FlyTo><gx:duration>5</gx:duration><gx:flyToMode>smooth</gx:flyToMode><LookAt><latitude>32.965694696569</latitude><longitude>-97.048580204858</longitude><altitude>0</altitude><altitudeMode>relativeToGround</altitudeMode><heading>240.21951156326</heading><tilt>75</tilt><range>60</range></LookAt></gx:FlyTo><gx:Wait><gx:duration>2</gx:duration></gx:Wait><gx:FlyTo><gx:duration>5</gx:duration><gx:flyToMode>smooth</gx:flyToMode><LookAt><latitude>32.965694696569</latitude><longitude>-97.048580204858</longitude><altitude>0</altitude><altitudeMode>relativeToGround</altitudeMode><heading>150.21951156326</heading><tilt>75</tilt><range>60</range></LookAt></gx:FlyTo><gx:Wait><gx:duration>2</gx:duration></gx:Wait><gx:FlyTo><gx:duration>5</gx:duration><gx:flyToMode>smooth</gx:flyToMode><LookAt><latitude>32.964988196499</latitude><longitude>-97.050051705005</longitude><altitude>22</altitude><altitudeMode>relativeToGround</altitudeMode><heading>60.219511563262</heading><tilt>70</tilt><range>90</range></LookAt></gx:FlyTo><gx:Wait><gx:duration>5</gx:duration></gx:Wait></gx:Playlist></gx:Tour><gx:Tour><name>Hole 4 - Par 4 - 358 yards</name><gx:Playlist><gx:FlyTo><gx:duration>5</gx:duration><gx:flyToMode>smooth</gx:flyToMode><LookAt><latitude>32.965868396587</latitude><longitude>-97.047526304753</longitude><altitude>22</altitude><altitudeMode>relativeToGround</altitudeMode><heading>-5.2115094001027</heading><tilt>70</tilt><range>90</range></LookAt></gx:FlyTo><gx:Wait><gx:duration>1</gx:duration></gx:Wait><gx:FlyTo><gx:duration>4</gx:duration><gx:flyToMode>smooth</gx:flyToMode><LookAt><latitude>32.965868396587</latitude><longitude>-97.047526304753</longitude><altitude>14</altitude><altitudeMode>relativeToGround</altitudeMode><heading>-5.2115094001027</heading><tilt>74</tilt><range>60</range></LookAt></gx:FlyTo><gx:Wait><gx:duration>2</gx:duration></gx:Wait><gx:FlyTo><gx:duration>4</gx:duration><gx:flyToMode>smooth</gx:flyToMode><LookAt><latitude>32.968120196812</latitude><longitude>-97.047771104777</longitude><altitude>8.3112266328655</altitude><altitudeMode>relativeToGround</altitudeMode><heading>17.259383253169</heading><tilt>75</tilt><range>51.110848561669</range></LookAt></gx:FlyTo><gx:Wait><gx:duration>2</gx:duration></gx:Wait><gx:FlyTo><gx:duration>4</gx:duration><gx:flyToMode>smooth</gx:flyToMode><LookAt><latitude>32.968769096877</latitude><longitude>-97.047530804753</longitude><altitude>0</altitude><altitudeMode>relativeToGround</altitudeMode><heading>17.259383253169</heading><tilt>75</tilt><range>70</range></LookAt></gx:FlyTo><gx:Wait><gx:duration>2</gx:duration></gx:Wait><gx:FlyTo><gx:duration>5</gx:duration><gx:flyToMode>smooth</gx:flyToMode><LookAt><latitude>32.968769096877</latitude><longitude>-97.047530804753</longitude><altitude>0</altitude><altitudeMode>relativeToGround</altitudeMode><heading>287.25938325317</heading><tilt>75</tilt><range>60</range></LookAt></gx:FlyTo><gx:Wait><gx:duration>2</gx:duration></gx:Wait><gx:FlyTo><gx:duration>5</gx:duration><gx:flyToMode>smooth</gx:flyToMode><LookAt><latitude>32.968769096877</latitude><longitude>-97.047530804753</longitude><altitude>0</altitude><altitudeMode>relativeToGround</altitudeMode><heading>197.25938325317</heading><tilt>75</tilt><range>60</range></LookAt></gx:FlyTo><gx:Wait><gx:duration>2</gx:duration></gx:Wait><gx:FlyTo><gx:duration>5</gx:duration><gx:flyToMode>smooth</gx:flyToMode><LookAt><latitude>32.968769096877</latitude><longitude>-97.047530804753</longitude><altitude>0</altitude><altitudeMode>relativeToGround</altitudeMode><heading>107.25938325317</heading><tilt>75</tilt><range>60</range></LookAt></gx:FlyTo><gx:Wait><gx:duration>2</gx:duration></gx:Wait><gx:FlyTo><gx:duration>5</gx:duration><gx:flyToMode>smooth</gx:flyToMode><LookAt><latitude>32.965868396587</latitude><longitude>-97.047526304753</longitude><altitude>22</altitude><altitudeMode>relativeToGround</altitudeMode><heading>-5.2115094001027</heading><tilt>70</tilt><range>90</range></LookAt></gx:FlyTo><gx:Wait><gx:duration>5</gx:duration></gx:Wait></gx:Playlist></gx:Tour><gx:Tour><name>Hole 5 - Par 4 - 503 yards</name><gx:Playlist><gx:FlyTo><gx:duration>5</gx:duration><gx:flyToMode>smooth</gx:flyToMode><LookAt><latitude>32.969966996997</latitude><longitude>-97.047223004722</longitude><altitude>22</altitude><altitudeMode>relativeToGround</altitudeMode><heading>-43.934496694179</heading><tilt>70</tilt><range>90</range></LookAt></gx:FlyTo><gx:Wait><gx:duration>1</gx:duration></gx:Wait><gx:FlyTo><gx:duration>4</gx:duration><gx:flyToMode>smooth</gx:flyToMode><LookAt><latitude>32.969966996997</latitude><longitude>-97.047223004722</longitude><altitude>14</altitude><altitudeMode>relativeToGround</altitudeMode><heading>-43.934496694179</heading><tilt>74</tilt><range>60</range></LookAt></gx:FlyTo><gx:Wait><gx:duration>2</gx:duration></gx:Wait><gx:FlyTo><gx:duration>4</gx:duration><gx:flyToMode>smooth</gx:flyToMode><LookAt><latitude>32.971743597174</latitude><longitude>-97.049263304926</longitude><altitude>11</altitude><altitudeMode>relativeToGround</altitudeMode><heading>-61.624926263416</heading><tilt>75</tilt><range>45</range></LookAt></gx:FlyTo><gx:Wait><gx:duration>2</gx:duration></gx:Wait><gx:FlyTo><gx:duration>4</gx:duration><gx:flyToMode>smooth</gx:flyToMode><LookAt><latitude>32.972535597254</latitude><longitude>-97.051011105101</longitude><altitude>0</altitude><altitudeMode>relativeToGround</altitudeMode><heading>-61.624926263416</heading><tilt>75</tilt><range>70</range></LookAt></gx:FlyTo><gx:Wait><gx:duration>2</gx:duration></gx:Wait><gx:FlyTo><gx:duration>5</gx:duration><gx:flyToMode>smooth</gx:flyToMode><LookAt><latitude>32.972535597254</latitude><longitude>-97.051011105101</longitude><altitude>0</altitude><altitudeMode>relativeToGround</altitudeMode><heading>208.37507373658</heading><tilt>75</tilt><range>60</range></LookAt></gx:FlyTo><gx:Wait><gx:duration>2</gx:duration></gx:Wait><gx:FlyTo><gx:duration>5</gx:duration><gx:flyToMode>smooth</gx:flyToMode><LookAt><latitude>32.972535597254</latitude><longitude>-97.051011105101</longitude><altitude>0</altitude><altitudeMode>relativeToGround</altitudeMode><heading>118.37507373658</heading><tilt>75</tilt><range>60</range></LookAt></gx:FlyTo><gx:Wait><gx:duration>2</gx:duration></gx:Wait><gx:FlyTo><gx:duration>5</gx:duration><gx:flyToMode>smooth</gx:flyToMode><LookAt><latitude>32.972535597254</latitude><longitude>-97.051011105101</longitude><altitude>0</altitude><altitudeMode>relativeToGround</altitudeMode><heading>28.375073736584</heading><tilt>75</tilt><range>60</range></LookAt></gx:FlyTo><gx:Wait><gx:duration>2</gx:duration></gx:Wait><gx:FlyTo><gx:duration>5</gx:duration><gx:flyToMode>smooth</gx:flyToMode><LookAt><latitude>32.969966996997</latitude><longitude>-97.047223004722</longitude><altitude>22</altitude><altitudeMode>relativeToGround</altitudeMode><heading>-43.934496694179</heading><tilt>70</tilt><range>90</range></LookAt></gx:FlyTo><gx:Wait><gx:duration>5</gx:duration></gx:Wait></gx:Playlist></gx:Tour><gx:Tour><name>Hole 6 - Par 3 - 164 yards</name><gx:Playlist><gx:FlyTo><gx:duration>5</gx:duration><gx:flyToMode>smooth</gx:flyToMode><LookAt><latitude>32.972735397274</latitude><longitude>-97.051739205174</longitude><altitude>22</altitude><altitudeMode>relativeToGround</altitudeMode><heading>30.404234707001</heading><tilt>70</tilt><range>90</range></LookAt></gx:FlyTo><gx:Wait><gx:duration>1</gx:duration></gx:Wait><gx:FlyTo><gx:duration>4</gx:duration><gx:flyToMode>smooth</gx:flyToMode><LookAt><latitude>32.972735397274</latitude><longitude>-97.051739205174</longitude><altitude>14</altitude><altitudeMode>relativeToGround</altitudeMode><heading>30.404234707001</heading><tilt>74</tilt><range>60</range></LookAt></gx:FlyTo><gx:Wait><gx:duration>2</gx:duration></gx:Wait><gx:FlyTo><gx:duration>4</gx:duration><gx:flyToMode>smooth</gx:flyToMode><LookAt><latitude>32.97389729739</latitude><longitude>-97.050926505093</longitude><altitude>0</altitude><altitudeMode>relativeToGround</altitudeMode><heading>30.404234707001</heading><tilt>75</tilt><range>70</range></LookAt></gx:FlyTo><gx:Wait><gx:duration>2</gx:duration></gx:Wait><gx:FlyTo><gx:duration>5</gx:duration><gx:flyToMode>smooth</gx:flyToMode><LookAt><latitude>32.97389729739</latitude><longitude>-97.050926505093</longitude><altitude>0</altitude><altitudeMode>relativeToGround</altitudeMode><heading>300.404234707</heading><tilt>75</tilt><range>60</range></LookAt></gx:FlyTo><gx:Wait><gx:duration>2</gx:duration></gx:Wait><gx:FlyTo><gx:duration>5</gx:duration><gx:flyToMode>smooth</gx:flyToMode><LookAt><latitude>32.97389729739</latitude><longitude>-97.050926505093</longitude><altitude>0</altitude><altitudeMode>relativeToGround</altitudeMode><heading>210.404234707</heading><tilt>75</tilt><range>60</range></LookAt></gx:FlyTo><gx:Wait><gx:duration>2</gx:duration></gx:Wait><gx:FlyTo><gx:duration>5</gx:duration><gx:flyToMode>smooth</gx:flyToMode><LookAt><latitude>32.97389729739</latitude><longitude>-97.050926505093</longitude><altitude>0</altitude><altitudeMode>relativeToGround</altitudeMode><heading>120.404234707</heading><tilt>75</tilt><range>60</range></LookAt></gx:FlyTo><gx:Wait><gx:duration>2</gx:duration></gx:Wait><gx:FlyTo><gx:duration>5</gx:duration><gx:flyToMode>smooth</gx:flyToMode><LookAt><latitude>32.972735397274</latitude><longitude>-97.051739205174</longitude><altitude>22</altitude><altitudeMode>relativeToGround</altitudeMode><heading>30.404234707001</heading><tilt>70</tilt><range>90</range></LookAt></gx:FlyTo><gx:Wait><gx:duration>5</gx:duration></gx:Wait></gx:Playlist></gx:Tour><gx:Tour><name>Hole 7 - Par 4 - 462 yards</name><gx:Playlist><gx:FlyTo><gx:duration>5</gx:duration><gx:flyToMode>smooth</gx:flyToMode><LookAt><latitude>32.974243797424</latitude><longitude>-97.051288305129</longitude><altitude>22</altitude><altitudeMode>relativeToGround</altitudeMode><heading>75.328463192724</heading><tilt>70</tilt><range>90</range></LookAt></gx:FlyTo><gx:Wait><gx:duration>1</gx:duration></gx:Wait><gx:FlyTo><gx:duration>4</gx:duration><gx:flyToMode>smooth</gx:flyToMode><LookAt><latitude>32.974243797424</latitude><longitude>-97.051288305129</longitude><altitude>14</altitude><altitudeMode>relativeToGround</altitudeMode><heading>75.328463192724</heading><tilt>74</tilt><range>60</range></LookAt></gx:FlyTo><gx:Wait><gx:duration>2</gx:duration></gx:Wait><gx:FlyTo><gx:duration>4</gx:duration><gx:flyToMode>smooth</gx:flyToMode><LookAt><latitude>32.974847697485</latitude><longitude>-97.048538804854</longitude><altitude>11</altitude><altitudeMode>relativeToGround</altitudeMode><heading>101.02765363937</heading><tilt>75</tilt><range>45</range></LookAt></gx:FlyTo><gx:Wait><gx:duration>2</gx:duration></gx:Wait><gx:FlyTo><gx:duration>4</gx:duration><gx:flyToMode>smooth</gx:flyToMode><LookAt><latitude>32.974577697458</latitude><longitude>-97.046887304689</longitude><altitude>0</altitude><altitudeMode>relativeToGround</altitudeMode><heading>101.02765363937</heading><tilt>75</tilt><range>70</range></LookAt></gx:FlyTo><gx:Wait><gx:duration>2</gx:duration></gx:Wait><gx:FlyTo><gx:duration>5</gx:duration><gx:flyToMode>smooth</gx:flyToMode><LookAt><latitude>32.974577697458</latitude><longitude>-97.046887304689</longitude><altitude>0</altitude><altitudeMode>relativeToGround</altitudeMode><heading>11.027653639371</heading><tilt>75</tilt><range>60</range></LookAt></gx:FlyTo><gx:Wait><gx:duration>2</gx:duration></gx:Wait><gx:FlyTo><gx:duration>5</gx:duration><gx:flyToMode>smooth</gx:flyToMode><LookAt><latitude>32.974577697458</latitude><longitude>-97.046887304689</longitude><altitude>0</altitude><altitudeMode>relativeToGround</altitudeMode><heading>281.02765363937</heading><tilt>75</tilt><range>60</range></LookAt></gx:FlyTo><gx:Wait><gx:duration>2</gx:duration></gx:Wait><gx:FlyTo><gx:duration>5</gx:duration><gx:flyToMode>smooth</gx:flyToMode><LookAt><latitude>32.974577697458</latitude><longitude>-97.046887304689</longitude><altitude>0</altitude><altitudeMode>relativeToGround</altitudeMode><heading>191.02765363937</heading><tilt>75</tilt><range>60</range></LookAt></gx:FlyTo><gx:Wait><gx:duration>2</gx:duration></gx:Wait><gx:FlyTo><gx:duration>5</gx:duration><gx:flyToMode>smooth</gx:flyToMode><LookAt><latitude>32.974243797424</latitude><longitude>-97.051288305129</longitude><altitude>22</altitude><altitudeMode>relativeToGround</altitudeMode><heading>75.328463192724</heading><tilt>70</tilt><range>90</range></LookAt></gx:FlyTo><gx:Wait><gx:duration>5</gx:duration></gx:Wait></gx:Playlist></gx:Tour><gx:Tour><name>Hole 8 - Par 5 - 521 yards</name><gx:Playlist><gx:FlyTo><gx:duration>5</gx:duration><gx:flyToMode>smooth</gx:flyToMode><LookAt><latitude>32.975212197521</latitude><longitude>-97.046311304631</longitude><altitude>22</altitude><altitudeMode>relativeToGround</altitudeMode><heading>-78.389139269785</heading><tilt>70</tilt><range>90</range></LookAt></gx:FlyTo><gx:Wait><gx:duration>1</gx:duration></gx:Wait><gx:FlyTo><gx:duration>4</gx:duration><gx:flyToMode>smooth</gx:flyToMode><LookAt><latitude>32.975212197521</latitude><longitude>-97.046311304631</longitude><altitude>14</altitude><altitudeMode>relativeToGround</altitudeMode><heading>-78.389139269785</heading><tilt>74</tilt><range>60</range></LookAt></gx:FlyTo><gx:Wait><gx:duration>2</gx:duration></gx:Wait><gx:FlyTo><gx:duration>4</gx:duration><gx:flyToMode>smooth</gx:flyToMode><LookAt><latitude>32.975683797568</latitude><longitude>-97.049047304905</longitude><altitude>11</altitude><altitudeMode>relativeToGround</altitudeMode><heading>-122.34952100474</heading><tilt>75</tilt><range>45</range></LookAt></gx:FlyTo><gx:Wait><gx:duration>2</gx:duration></gx:Wait><gx:FlyTo><gx:duration>4</gx:duration><gx:flyToMode>smooth</gx:flyToMode><LookAt><latitude>32.974913397491</latitude><longitude>-97.05049720505</longitude><altitude>6.0902393273886</altitude><altitudeMode>relativeToGround</altitudeMode><heading>-86.165272668155</heading><tilt>75</tilt><range>56.158546983208</range></LookAt></gx:FlyTo><gx:Wait><gx:duration>2</gx:duration></gx:Wait><gx:FlyTo><gx:duration>4</gx:duration><gx:flyToMode>smooth</gx:flyToMode><LookAt><latitude>32.974946697495</latitude><longitude>-97.051089405109</longitude><altitude>0</altitude><altitudeMode>relativeToGround</altitudeMode><heading>-86.165272668155</heading><tilt>75</tilt><range>70</range></LookAt></gx:FlyTo><gx:Wait><gx:duration>2</gx:duration></gx:Wait><gx:FlyTo><gx:duration>5</gx:duration><gx:flyToMode>smooth</gx:flyToMode><LookAt><latitude>32.974946697495</latitude><longitude>-97.051089405109</longitude><altitude>0</altitude><altitudeMode>relativeToGround</altitudeMode><heading>183.83472733184</heading><tilt>75</tilt><range>60</range></LookAt></gx:FlyTo><gx:Wait><gx:duration>2</gx:duration></gx:Wait><gx:FlyTo><gx:duration>5</gx:duration><gx:flyToMode>smooth</gx:flyToMode><LookAt><latitude>32.974946697495</latitude><longitude>-97.051089405109</longitude><altitude>0</altitude><altitudeMode>relativeToGround</altitudeMode><heading>93.834727331845</heading><tilt>75</tilt><range>60</range></LookAt></gx:FlyTo><gx:Wait><gx:duration>2</gx:duration></gx:Wait><gx:FlyTo><gx:duration>5</gx:duration><gx:flyToMode>smooth</gx:flyToMode><LookAt><latitude>32.974946697495</latitude><longitude>-97.051089405109</longitude><altitude>0</altitude><altitudeMode>relativeToGround</altitudeMode><heading>3.8347273318448</heading><tilt>75</tilt><range>60</range></LookAt></gx:FlyTo><gx:Wait><gx:duration>2</gx:duration></gx:Wait><gx:FlyTo><gx:duration>5</gx:duration><gx:flyToMode>smooth</gx:flyToMode><LookAt><latitude>32.975212197521</latitude><longitude>-97.046311304631</longitude><altitude>22</altitude><altitudeMode>relativeToGround</altitudeMode><heading>-78.389139269785</heading><tilt>70</tilt><range>90</range></LookAt></gx:FlyTo><gx:Wait><gx:duration>5</gx:duration></gx:Wait></gx:Playlist></gx:Tour><gx:Tour><name>Hole 9 - Par 4 - 414 yards</name><gx:Playlist><gx:FlyTo><gx:duration>5</gx:duration><gx:flyToMode>smooth</gx:flyToMode><LookAt><latitude>32.975348997535</latitude><longitude>-97.051346805135</longitude><altitude>22</altitude><altitudeMode>relativeToGround</altitudeMode><heading>54.92972088723</heading><tilt>70</tilt><range>90</range></LookAt></gx:FlyTo><gx:Wait><gx:duration>1</gx:duration></gx:Wait><gx:FlyTo><gx:duration>4</gx:duration><gx:flyToMode>smooth</gx:flyToMode><LookAt><latitude>32.975348997535</latitude><longitude>-97.051346805135</longitude><altitude>14</altitude><altitudeMode>relativeToGround</altitudeMode><heading>54.92972088723</heading><tilt>74</tilt><range>60</range></LookAt></gx:FlyTo><gx:Wait><gx:duration>2</gx:duration></gx:Wait><gx:FlyTo><gx:duration>4</gx:duration><gx:flyToMode>smooth</gx:flyToMode><LookAt><latitude>32.976671997667</latitude><longitude>-97.04910040491</longitude><altitude>11</altitude><altitudeMode>relativeToGround</altitudeMode><heading>79.085543646059</heading><tilt>75</tilt><range>45</range></LookAt></gx:FlyTo><gx:Wait><gx:duration>2</gx:duration></gx:Wait><gx:FlyTo><gx:duration>4</gx:duration><gx:flyToMode>smooth</gx:flyToMode><LookAt><latitude>32.976879897688</latitude><longitude>-97.047815204782</longitude><altitude>0</altitude><altitudeMode>relativeToGround</altitudeMode><heading>79.085543646059</heading><tilt>75</tilt><range>70</range></LookAt></gx:FlyTo><gx:Wait><gx:duration>2</gx:duration></gx:Wait><gx:FlyTo><gx:duration>5</gx:duration><gx:flyToMode>smooth</gx:flyToMode><LookAt><latitude>32.976879897688</latitude><longitude>-97.047815204782</longitude><altitude>0</altitude><altitudeMode>relativeToGround</altitudeMode><heading>349.08554364606</heading><tilt>75</tilt><range>60</range></LookAt></gx:FlyTo><gx:Wait><gx:duration>2</gx:duration></gx:Wait><gx:FlyTo><gx:duration>5</gx:duration><gx:flyToMode>smooth</gx:flyToMode><LookAt><latitude>32.976879897688</latitude><longitude>-97.047815204782</longitude><altitude>0</altitude><altitudeMode>relativeToGround</altitudeMode><heading>259.08554364606</heading><tilt>75</tilt><range>60</range></LookAt></gx:FlyTo><gx:Wait><gx:duration>2</gx:duration></gx:Wait><gx:FlyTo><gx:duration>5</gx:duration><gx:flyToMode>smooth</gx:flyToMode><LookAt><latitude>32.976879897688</latitude><longitude>-97.047815204782</longitude><altitude>0</altitude><altitudeMode>relativeToGround</altitudeMode><heading>169.08554364606</heading><tilt>75</tilt><range>60</range></LookAt></gx:FlyTo><gx:Wait><gx:duration>2</gx:duration></gx:Wait><gx:FlyTo><gx:duration>5</gx:duration><gx:flyToMode>smooth</gx:flyToMode><LookAt><latitude>32.975348997535</latitude><longitude>-97.051346805135</longitude><altitude>22</altitude><altitudeMode>relativeToGround</altitudeMode><heading>54.92972088723</heading><tilt>70</tilt><range>90</range></LookAt></gx:FlyTo><gx:Wait><gx:duration>5</gx:duration></gx:Wait></gx:Playlist></gx:Tour><gx:Tour><name>Hole 10 - Par 4 - 365 yards</name><gx:Playlist><gx:FlyTo><gx:duration>5</gx:duration><gx:flyToMode>smooth</gx:flyToMode><LookAt><latitude>32.976731397673</latitude><longitude>-97.047253604725</longitude><altitude>22</altitude><altitudeMode>relativeToGround</altitudeMode><heading>57.128807220599</heading><tilt>70</tilt><range>90</range></LookAt></gx:FlyTo><gx:Wait><gx:duration>1</gx:duration></gx:Wait><gx:FlyTo><gx:duration>4</gx:duration><gx:flyToMode>smooth</gx:flyToMode><LookAt><latitude>32.976731397673</latitude><longitude>-97.047253604725</longitude><altitude>14</altitude><altitudeMode>relativeToGround</altitudeMode><heading>57.128807220599</heading><tilt>74</tilt><range>60</range></LookAt></gx:FlyTo><gx:Wait><gx:duration>2</gx:duration></gx:Wait><gx:FlyTo><gx:duration>4</gx:duration><gx:flyToMode>smooth</gx:flyToMode><LookAt><latitude>32.977936497794</latitude><longitude>-97.045030604503</longitude><altitude>9.5888858214796</altitude><altitudeMode>relativeToGround</altitudeMode><heading>23.136766768618</heading><tilt>75</tilt><range>48.207077678455</range></LookAt></gx:FlyTo><gx:Wait><gx:duration>2</gx:duration></gx:Wait><gx:FlyTo><gx:duration>4</gx:duration><gx:flyToMode>smooth</gx:flyToMode><LookAt><latitude>32.978657397866</latitude><longitude>-97.044663404466</longitude><altitude>0</altitude><altitudeMode>relativeToGround</altitudeMode><heading>23.136766768618</heading><tilt>75</tilt><range>70</range></LookAt></gx:FlyTo><gx:Wait><gx:duration>2</gx:duration></gx:Wait><gx:FlyTo><gx:duration>5</gx:duration><gx:flyToMode>smooth</gx:flyToMode><LookAt><latitude>32.978657397866</latitude><longitude>-97.044663404466</longitude><altitude>0</altitude><altitudeMode>relativeToGround</altitudeMode><heading>293.13676676862</heading><tilt>75</tilt><range>60</range></LookAt></gx:FlyTo><gx:Wait><gx:duration>2</gx:duration></gx:Wait><gx:FlyTo><gx:duration>5</gx:duration><gx:flyToMode>smooth</gx:flyToMode><LookAt><latitude>32.978657397866</latitude><longitude>-97.044663404466</longitude><altitude>0</altitude><altitudeMode>relativeToGround</altitudeMode><heading>203.13676676862</heading><tilt>75</tilt><range>60</range></LookAt></gx:FlyTo><gx:Wait><gx:duration>2</gx:duration></gx:Wait><gx:FlyTo><gx:duration>5</gx:duration><gx:flyToMode>smooth</gx:flyToMode><LookAt><latitude>32.978657397866</latitude><longitude>-97.044663404466</longitude><altitude>0</altitude><altitudeMode>relativeToGround</altitudeMode><heading>113.13676676862</heading><tilt>75</tilt><range>60</range></LookAt></gx:FlyTo><gx:Wait><gx:duration>2</gx:duration></gx:Wait><gx:FlyTo><gx:duration>5</gx:duration><gx:flyToMode>smooth</gx:flyToMode><LookAt><latitude>32.976731397673</latitude><longitude>-97.047253604725</longitude><altitude>22</altitude><altitudeMode>relativeToGround</altitudeMode><heading>57.128807220599</heading><tilt>70</tilt><range>90</range></LookAt></gx:FlyTo><gx:Wait><gx:duration>5</gx:duration></gx:Wait></gx:Playlist></gx:Tour><gx:Tour><name>Hole 11 - Par 4 - 429 yards</name><gx:Playlist><gx:FlyTo><gx:duration>5</gx:duration><gx:flyToMode>smooth</gx:flyToMode><LookAt><latitude>32.978678097868</latitude><longitude>-97.044063104406</longitude><altitude>22</altitude><altitudeMode>relativeToGround</altitudeMode><heading>-153.65538264589</heading><tilt>70</tilt><range>90</range></LookAt></gx:FlyTo><gx:Wait><gx:duration>1</gx:duration></gx:Wait><gx:FlyTo><gx:duration>4</gx:duration><gx:flyToMode>smooth</gx:flyToMode><LookAt><latitude>32.978678097868</latitude><longitude>-97.044063104406</longitude><altitude>14</altitude><altitudeMode>relativeToGround</altitudeMode><heading>-153.65538264589</heading><tilt>74</tilt><range>60</range></LookAt></gx:FlyTo><gx:Wait><gx:duration>2</gx:duration></gx:Wait><gx:FlyTo><gx:duration>4</gx:duration><gx:flyToMode>smooth</gx:flyToMode><LookAt><latitude>32.976540597654</latitude><longitude>-97.045324904533</longitude><altitude>11</altitude><altitudeMode>relativeToGround</altitudeMode><heading>-168.09962961425</heading><tilt>75</tilt><range>45</range></LookAt></gx:FlyTo><gx:Wait><gx:duration>2</gx:duration></gx:Wait><gx:FlyTo><gx:duration>4</gx:duration><gx:flyToMode>smooth</gx:flyToMode><LookAt><latitude>32.975426397543</latitude><longitude>-97.04560480456</longitude><altitude>0</altitude><altitudeMode>relativeToGround</altitudeMode><heading>-168.09962961425</heading><tilt>75</tilt><range>70</range></LookAt></gx:FlyTo><gx:Wait><gx:duration>2</gx:duration></gx:Wait><gx:FlyTo><gx:duration>5</gx:duration><gx:flyToMode>smooth</gx:flyToMode><LookAt><latitude>32.975426397543</latitude><longitude>-97.04560480456</longitude><altitude>0</altitude><altitudeMode>relativeToGround</altitudeMode><heading>101.90037038575</heading><tilt>75</tilt><range>60</range></LookAt></gx:FlyTo><gx:Wait><gx:duration>2</gx:duration></gx:Wait><gx:FlyTo><gx:duration>5</gx:duration><gx:flyToMode>smooth</gx:flyToMode><LookAt><latitude>32.975426397543</latitude><longitude>-97.04560480456</longitude><altitude>0</altitude><altitudeMode>relativeToGround</altitudeMode><heading>11.900370385748</heading><tilt>75</tilt><range>60</range></LookAt></gx:FlyTo><gx:Wait><gx:duration>2</gx:duration></gx:Wait><gx:FlyTo><gx:duration>5</gx:duration><gx:flyToMode>smooth</gx:flyToMode><LookAt><latitude>32.975426397543</latitude><longitude>-97.04560480456</longitude><altitude>0</altitude><altitudeMode>relativeToGround</altitudeMode><heading>281.90037038575</heading><tilt>75</tilt><range>60</range></LookAt></gx:FlyTo><gx:Wait><gx:duration>2</gx:duration></gx:Wait><gx:FlyTo><gx:duration>5</gx:duration><gx:flyToMode>smooth</gx:flyToMode><LookAt><latitude>32.978678097868</latitude><longitude>-97.044063104406</longitude><altitude>22</altitude><altitudeMode>relativeToGround</altitudeMode><heading>-153.65538264589</heading><tilt>70</tilt><range>90</range></LookAt></gx:FlyTo><gx:Wait><gx:duration>5</gx:duration></gx:Wait></gx:Playlist></gx:Tour><gx:Tour><name>Hole 12 - Par 4 - 434 yards</name><gx:Playlist><gx:FlyTo><gx:duration>5</gx:duration><gx:flyToMode>smooth</gx:flyToMode><LookAt><latitude>32.974430097443</latitude><longitude>-97.045311404531</longitude><altitude>22</altitude><altitudeMode>relativeToGround</altitudeMode><heading>16.939578334069</heading><tilt>70</tilt><range>90</range></LookAt></gx:FlyTo><gx:Wait><gx:duration>1</gx:duration></gx:Wait><gx:FlyTo><gx:duration>4</gx:duration><gx:flyToMode>smooth</gx:flyToMode><LookAt><latitude>32.974430097443</latitude><longitude>-97.045311404531</longitude><altitude>14</altitude><altitudeMode>relativeToGround</altitudeMode><heading>16.939578334069</heading><tilt>74</tilt><range>60</range></LookAt></gx:FlyTo><gx:Wait><gx:duration>2</gx:duration></gx:Wait><gx:FlyTo><gx:duration>4</gx:duration><gx:flyToMode>smooth</gx:flyToMode><LookAt><latitude>32.976710697671</latitude><longitude>-97.044483404448</longitude><altitude>11</altitude><altitudeMode>relativeToGround</altitudeMode><heading>23.729565662478</heading><tilt>75</tilt><range>45</range></LookAt></gx:FlyTo><gx:Wait><gx:duration>2</gx:duration></gx:Wait><gx:FlyTo><gx:duration>4</gx:duration><gx:flyToMode>smooth</gx:flyToMode><LookAt><latitude>32.97779789778</latitude><longitude>-97.043913704391</longitude><altitude>0</altitude><altitudeMode>relativeToGround</altitudeMode><heading>23.729565662478</heading><tilt>75</tilt><range>70</range></LookAt></gx:FlyTo><gx:Wait><gx:duration>2</gx:duration></gx:Wait><gx:FlyTo><gx:duration>5</gx:duration><gx:flyToMode>smooth</gx:flyToMode><LookAt><latitude>32.97779789778</latitude><longitude>-97.043913704391</longitude><altitude>0</altitude><altitudeMode>relativeToGround</altitudeMode><heading>293.72956566248</heading><tilt>75</tilt><range>60</range></LookAt></gx:FlyTo><gx:Wait><gx:duration>2</gx:duration></gx:Wait><gx:FlyTo><gx:duration>5</gx:duration><gx:flyToMode>smooth</gx:flyToMode><LookAt><latitude>32.97779789778</latitude><longitude>-97.043913704391</longitude><altitude>0</altitude><altitudeMode>relativeToGround</altitudeMode><heading>203.72956566248</heading><tilt>75</tilt><range>60</range></LookAt></gx:FlyTo><gx:Wait><gx:duration>2</gx:duration></gx:Wait><gx:FlyTo><gx:duration>5</gx:duration><gx:flyToMode>smooth</gx:flyToMode><LookAt><latitude>32.97779789778</latitude><longitude>-97.043913704391</longitude><altitude>0</altitude><altitudeMode>relativeToGround</altitudeMode><heading>113.72956566248</heading><tilt>75</tilt><range>60</range></LookAt></gx:FlyTo><gx:Wait><gx:duration>2</gx:duration></gx:Wait><gx:FlyTo><gx:duration>5</gx:duration><gx:flyToMode>smooth</gx:flyToMode><LookAt><latitude>32.974430097443</latitude><longitude>-97.045311404531</longitude><altitude>22</altitude><altitudeMode>relativeToGround</altitudeMode><heading>16.939578334069</heading><tilt>70</tilt><range>90</range></LookAt></gx:FlyTo><gx:Wait><gx:duration>5</gx:duration></gx:Wait></gx:Playlist></gx:Tour><gx:Tour><name>Hole 13 - Par 5 - 593 yards</name><gx:Playlist><gx:FlyTo><gx:duration>5</gx:duration><gx:flyToMode>smooth</gx:flyToMode><LookAt><latitude>32.978235297824</latitude><longitude>-97.043177504318</longitude><altitude>22</altitude><altitudeMode>relativeToGround</altitudeMode><heading>-169.71373031047</heading><tilt>70</tilt><range>90</range></LookAt></gx:FlyTo><gx:Wait><gx:duration>1</gx:duration></gx:Wait><gx:FlyTo><gx:duration>4</gx:duration><gx:flyToMode>smooth</gx:flyToMode><LookAt><latitude>32.978235297824</latitude><longitude>-97.043177504318</longitude><altitude>14</altitude><altitudeMode>relativeToGround</altitudeMode><heading>-169.71373031047</heading><tilt>74</tilt><range>60</range></LookAt></gx:FlyTo><gx:Wait><gx:duration>2</gx:duration></gx:Wait><gx:FlyTo><gx:duration>4</gx:duration><gx:flyToMode>smooth</gx:flyToMode><LookAt><latitude>32.975888997589</latitude><longitude>-97.043685104369</longitude><altitude>11</altitude><altitudeMode>relativeToGround</altitudeMode><heading>-154.54215016405</heading><tilt>75</tilt><range>45</range></LookAt></gx:FlyTo><gx:Wait><gx:duration>2</gx:duration></gx:Wait><gx:FlyTo><gx:duration>4</gx:duration><gx:flyToMode>smooth</gx:flyToMode><LookAt><latitude>32.974515597452</latitude><longitude>-97.044464504446</longitude><altitude>11</altitude><altitudeMode>relativeToGround</altitudeMode><heading>-153.26574962436</heading><tilt>75</tilt><range>45</range></LookAt></gx:FlyTo><gx:Wait><gx:duration>2</gx:duration></gx:Wait><gx:FlyTo><gx:duration>4</gx:duration><gx:flyToMode>smooth</gx:flyToMode><LookAt><latitude>32.973650697365</latitude><longitude>-97.044983804498</longitude><altitude>0</altitude><altitudeMode>relativeToGround</altitudeMode><heading>-153.26574962436</heading><tilt>75</tilt><range>70</range></LookAt></gx:FlyTo><gx:Wait><gx:duration>2</gx:duration></gx:Wait><gx:FlyTo><gx:duration>5</gx:duration><gx:flyToMode>smooth</gx:flyToMode><LookAt><latitude>32.973650697365</latitude><longitude>-97.044983804498</longitude><altitude>0</altitude><altitudeMode>relativeToGround</altitudeMode><heading>116.73425037564</heading><tilt>75</tilt><range>60</range></LookAt></gx:FlyTo><gx:Wait><gx:duration>2</gx:duration></gx:Wait><gx:FlyTo><gx:duration>5</gx:duration><gx:flyToMode>smooth</gx:flyToMode><LookAt><latitude>32.973650697365</latitude><longitude>-97.044983804498</longitude><altitude>0</altitude><altitudeMode>relativeToGround</altitudeMode><heading>26.734250375636</heading><tilt>75</tilt><range>60</range></LookAt></gx:FlyTo><gx:Wait><gx:duration>2</gx:duration></gx:Wait><gx:FlyTo><gx:duration>5</gx:duration><gx:flyToMode>smooth</gx:flyToMode><LookAt><latitude>32.973650697365</latitude><longitude>-97.044983804498</longitude><altitude>0</altitude><altitudeMode>relativeToGround</altitudeMode><heading>296.73425037564</heading><tilt>75</tilt><range>60</range></LookAt></gx:FlyTo><gx:Wait><gx:duration>2</gx:duration></gx:Wait><gx:FlyTo><gx:duration>5</gx:duration><gx:flyToMode>smooth</gx:flyToMode><LookAt><latitude>32.978235297824</latitude><longitude>-97.043177504318</longitude><altitude>22</altitude><altitudeMode>relativeToGround</altitudeMode><heading>-169.71373031047</heading><tilt>70</tilt><range>90</range></LookAt></gx:FlyTo><gx:Wait><gx:duration>5</gx:duration></gx:Wait></gx:Playlist></gx:Tour><gx:Tour><name>Hole 14 - Par 4 - 326 yards</name><gx:Playlist><gx:FlyTo><gx:duration>5</gx:duration><gx:flyToMode>smooth</gx:flyToMode><LookAt><latitude>32.973161997316</latitude><longitude>-97.045094504509</longitude><altitude>22</altitude><altitudeMode>relativeToGround</altitudeMode><heading>-175.07875439628</heading><tilt>70</tilt><range>90</range></LookAt></gx:FlyTo><gx:Wait><gx:duration>1</gx:duration></gx:Wait><gx:FlyTo><gx:duration>4</gx:duration><gx:flyToMode>smooth</gx:flyToMode><LookAt><latitude>32.973161997316</latitude><longitude>-97.045094504509</longitude><altitude>14</altitude><altitudeMode>relativeToGround</altitudeMode><heading>-175.07875439628</heading><tilt>74</tilt><range>60</range></LookAt></gx:FlyTo><gx:Wait><gx:duration>2</gx:duration></gx:Wait><gx:FlyTo><gx:duration>4</gx:duration><gx:flyToMode>smooth</gx:flyToMode><LookAt><latitude>32.970908397091</latitude><longitude>-97.045325804533</longitude><altitude>5.1102070617113</altitude><altitudeMode>relativeToGround</altitudeMode><heading>173.2538475664</heading><tilt>75</tilt><range>58.385893041565</range></LookAt></gx:FlyTo><gx:Wait><gx:duration>2</gx:duration></gx:Wait><gx:FlyTo><gx:duration>4</gx:duration><gx:flyToMode>smooth</gx:flyToMode><LookAt><latitude>32.970493497049</latitude><longitude>-97.045267304527</longitude><altitude>0</altitude><altitudeMode>relativeToGround</altitudeMode><heading>173.2538475664</heading><tilt>75</tilt><range>70</range></LookAt></gx:FlyTo><gx:Wait><gx:duration>2</gx:duration></gx:Wait><gx:FlyTo><gx:duration>5</gx:duration><gx:flyToMode>smooth</gx:flyToMode><LookAt><latitude>32.970493497049</latitude><longitude>-97.045267304527</longitude><altitude>0</altitude><altitudeMode>relativeToGround</altitudeMode><heading>83.253847566402</heading><tilt>75</tilt><range>60</range></LookAt></gx:FlyTo><gx:Wait><gx:duration>2</gx:duration></gx:Wait><gx:FlyTo><gx:duration>5</gx:duration><gx:flyToMode>smooth</gx:flyToMode><LookAt><latitude>32.970493497049</latitude><longitude>-97.045267304527</longitude><altitude>0</altitude><altitudeMode>relativeToGround</altitudeMode><heading>353.2538475664</heading><tilt>75</tilt><range>60</range></LookAt></gx:FlyTo><gx:Wait><gx:duration>2</gx:duration></gx:Wait><gx:FlyTo><gx:duration>5</gx:duration><gx:flyToMode>smooth</gx:flyToMode><LookAt><latitude>32.970493497049</latitude><longitude>-97.045267304527</longitude><altitude>0</altitude><altitudeMode>relativeToGround</altitudeMode><heading>263.2538475664</heading><tilt>75</tilt><range>60</range></LookAt></gx:FlyTo><gx:Wait><gx:duration>2</gx:duration></gx:Wait><gx:FlyTo><gx:duration>5</gx:duration><gx:flyToMode>smooth</gx:flyToMode><LookAt><latitude>32.973161997316</latitude><longitude>-97.045094504509</longitude><altitude>22</altitude><altitudeMode>relativeToGround</altitudeMode><heading>-175.07875439628</heading><tilt>70</tilt><range>90</range></LookAt></gx:FlyTo><gx:Wait><gx:duration>5</gx:duration></gx:Wait></gx:Playlist></gx:Tour><gx:Tour><name>Hole 15 - Par 3 - 161 yards</name><gx:Playlist><gx:FlyTo><gx:duration>5</gx:duration><gx:flyToMode>smooth</gx:flyToMode><LookAt><latitude>32.970022797002</latitude><longitude>-97.045212404521</longitude><altitude>22</altitude><altitudeMode>relativeToGround</altitudeMode><heading>-81.044002634717</heading><tilt>70</tilt><range>90</range></LookAt></gx:FlyTo><gx:Wait><gx:duration>1</gx:duration></gx:Wait><gx:FlyTo><gx:duration>4</gx:duration><gx:flyToMode>smooth</gx:flyToMode><LookAt><latitude>32.970022797002</latitude><longitude>-97.045212404521</longitude><altitude>14</altitude><altitudeMode>relativeToGround</altitudeMode><heading>-81.044002634717</heading><tilt>74</tilt><range>60</range></LookAt></gx:FlyTo><gx:Wait><gx:duration>2</gx:duration></gx:Wait><gx:FlyTo><gx:duration>4</gx:duration><gx:flyToMode>smooth</gx:flyToMode><LookAt><latitude>32.970228897023</latitude><longitude>-97.046771204677</longitude><altitude>0</altitude><altitudeMode>relativeToGround</altitudeMode><heading>-81.044002634717</heading><tilt>75</tilt><range>70</range></LookAt></gx:FlyTo><gx:Wait><gx:duration>2</gx:duration></gx:Wait><gx:FlyTo><gx:duration>5</gx:duration><gx:flyToMode>smooth</gx:flyToMode><LookAt><latitude>32.970228897023</latitude><longitude>-97.046771204677</longitude><altitude>0</altitude><altitudeMode>relativeToGround</altitudeMode><heading>188.95599736528</heading><tilt>75</tilt><range>60</range></LookAt></gx:FlyTo><gx:Wait><gx:duration>2</gx:duration></gx:Wait><gx:FlyTo><gx:duration>5</gx:duration><gx:flyToMode>smooth</gx:flyToMode><LookAt><latitude>32.970228897023</latitude><longitude>-97.046771204677</longitude><altitude>0</altitude><altitudeMode>relativeToGround</altitudeMode><heading>98.955997365283</heading><tilt>75</tilt><range>60</range></LookAt></gx:FlyTo><gx:Wait><gx:duration>2</gx:duration></gx:Wait><gx:FlyTo><gx:duration>5</gx:duration><gx:flyToMode>smooth</gx:flyToMode><LookAt><latitude>32.970228897023</latitude><longitude>-97.046771204677</longitude><altitude>0</altitude><altitudeMode>relativeToGround</altitudeMode><heading>8.9559973652835</heading><tilt>75</tilt><range>60</range></LookAt></gx:FlyTo><gx:Wait><gx:duration>2</gx:duration></gx:Wait><gx:FlyTo><gx:duration>5</gx:duration><gx:flyToMode>smooth</gx:flyToMode><LookAt><latitude>32.970022797002</latitude><longitude>-97.045212404521</longitude><altitude>22</altitude><altitudeMode>relativeToGround</altitudeMode><heading>-81.044002634717</heading><tilt>70</tilt><range>90</range></LookAt></gx:FlyTo><gx:Wait><gx:duration>5</gx:duration></gx:Wait></gx:Playlist></gx:Tour><gx:Tour><name>Hole 16 - Par 4 - 453 yards</name><gx:Playlist><gx:FlyTo><gx:duration>5</gx:duration><gx:flyToMode>smooth</gx:flyToMode><LookAt><latitude>32.969053496905</latitude><longitude>-97.04839570484</longitude><altitude>22</altitude><altitudeMode>relativeToGround</altitudeMode><heading>-168.47296711804</heading><tilt>70</tilt><range>90</range></LookAt></gx:FlyTo><gx:Wait><gx:duration>1</gx:duration></gx:Wait><gx:FlyTo><gx:duration>4</gx:duration><gx:flyToMode>smooth</gx:flyToMode><LookAt><latitude>32.969053496905</latitude><longitude>-97.04839570484</longitude><altitude>14</altitude><altitudeMode>relativeToGround</altitudeMode><heading>-168.47296711804</heading><tilt>74</tilt><range>60</range></LookAt></gx:FlyTo><gx:Wait><gx:duration>2</gx:duration></gx:Wait><gx:FlyTo><gx:duration>4</gx:duration><gx:flyToMode>smooth</gx:flyToMode><LookAt><latitude>32.966676596668</latitude><longitude>-97.048973504897</longitude><altitude>11</altitude><altitudeMode>relativeToGround</altitudeMode><heading>-142.09239767946</heading><tilt>75</tilt><range>45</range></LookAt></gx:FlyTo><gx:Wait><gx:duration>2</gx:duration></gx:Wait><gx:FlyTo><gx:duration>4</gx:duration><gx:flyToMode>smooth</gx:flyToMode><LookAt><latitude>32.965649696565</latitude><longitude>-97.049926604993</longitude><altitude>0</altitude><altitudeMode>relativeToGround</altitudeMode><heading>-142.09239767946</heading><tilt>75</tilt><range>70</range></LookAt></gx:FlyTo><gx:Wait><gx:duration>2</gx:duration></gx:Wait><gx:FlyTo><gx:duration>5</gx:duration><gx:flyToMode>smooth</gx:flyToMode><LookAt><latitude>32.965649696565</latitude><longitude>-97.049926604993</longitude><altitude>0</altitude><altitudeMode>relativeToGround</altitudeMode><heading>127.90760232054</heading><tilt>75</tilt><range>60</range></LookAt></gx:FlyTo><gx:Wait><gx:duration>2</gx:duration></gx:Wait><gx:FlyTo><gx:duration>5</gx:duration><gx:flyToMode>smooth</gx:flyToMode><LookAt><latitude>32.965649696565</latitude><longitude>-97.049926604993</longitude><altitude>0</altitude><altitudeMode>relativeToGround</altitudeMode><heading>37.907602320545</heading><tilt>75</tilt><range>60</range></LookAt></gx:FlyTo><gx:Wait><gx:duration>2</gx:duration></gx:Wait><gx:FlyTo><gx:duration>5</gx:duration><gx:flyToMode>smooth</gx:flyToMode><LookAt><latitude>32.965649696565</latitude><longitude>-97.049926604993</longitude><altitude>0</altitude><altitudeMode>relativeToGround</altitudeMode><heading>307.90760232054</heading><tilt>75</tilt><range>60</range></LookAt></gx:FlyTo><gx:Wait><gx:duration>2</gx:duration></gx:Wait><gx:FlyTo><gx:duration>5</gx:duration><gx:flyToMode>smooth</gx:flyToMode><LookAt><latitude>32.969053496905</latitude><longitude>-97.04839570484</longitude><altitude>22</altitude><altitudeMode>relativeToGround</altitudeMode><heading>-168.47296711804</heading><tilt>70</tilt><range>90</range></LookAt></gx:FlyTo><gx:Wait><gx:duration>5</gx:duration></gx:Wait></gx:Playlist></gx:Tour><gx:Tour><name>Hole 17 - Par 3 - 195 yards</name><gx:Playlist><gx:FlyTo><gx:duration>5</gx:duration><gx:flyToMode>smooth</gx:flyToMode><LookAt><latitude>32.965070096507</latitude><longitude>-97.050031005003</longitude><altitude>22</altitude><altitudeMode>relativeToGround</altitudeMode><heading>-124.47478626131</heading><tilt>70</tilt><range>90</range></LookAt></gx:FlyTo><gx:Wait><gx:duration>1</gx:duration></gx:Wait><gx:FlyTo><gx:duration>4</gx:duration><gx:flyToMode>smooth</gx:flyToMode><LookAt><latitude>32.965070096507</latitude><longitude>-97.050031005003</longitude><altitude>14</altitude><altitudeMode>relativeToGround</altitudeMode><heading>-124.47478626131</heading><tilt>74</tilt><range>60</range></LookAt></gx:FlyTo><gx:Wait><gx:duration>2</gx:duration></gx:Wait><gx:FlyTo><gx:duration>4</gx:duration><gx:flyToMode>smooth</gx:flyToMode><LookAt><latitude>32.964163796416</latitude><longitude>-97.05160420516</longitude><altitude>0</altitude><altitudeMode>relativeToGround</altitudeMode><heading>-124.47478626131</heading><tilt>75</tilt><range>70</range></LookAt></gx:FlyTo><gx:Wait><gx:duration>2</gx:duration></gx:Wait><gx:FlyTo><gx:duration>5</gx:duration><gx:flyToMode>smooth</gx:flyToMode><LookAt><latitude>32.964163796416</latitude><longitude>-97.05160420516</longitude><altitude>0</altitude><altitudeMode>relativeToGround</altitudeMode><heading>145.52521373869</heading><tilt>75</tilt><range>60</range></LookAt></gx:FlyTo><gx:Wait><gx:duration>2</gx:duration></gx:Wait><gx:FlyTo><gx:duration>5</gx:duration><gx:flyToMode>smooth</gx:flyToMode><LookAt><latitude>32.964163796416</latitude><longitude>-97.05160420516</longitude><altitude>0</altitude><altitudeMode>relativeToGround</altitudeMode><heading>55.525213738689</heading><tilt>75</tilt><range>60</range></LookAt></gx:FlyTo><gx:Wait><gx:duration>2</gx:duration></gx:Wait><gx:FlyTo><gx:duration>5</gx:duration><gx:flyToMode>smooth</gx:flyToMode><LookAt><latitude>32.964163796416</latitude><longitude>-97.05160420516</longitude><altitude>0</altitude><altitudeMode>relativeToGround</altitudeMode><heading>325.52521373869</heading><tilt>75</tilt><range>60</range></LookAt></gx:FlyTo><gx:Wait><gx:duration>2</gx:duration></gx:Wait><gx:FlyTo><gx:duration>5</gx:duration><gx:flyToMode>smooth</gx:flyToMode><LookAt><latitude>32.965070096507</latitude><longitude>-97.050031005003</longitude><altitude>22</altitude><altitudeMode>relativeToGround</altitudeMode><heading>-124.47478626131</heading><tilt>70</tilt><range>90</range></LookAt></gx:FlyTo><gx:Wait><gx:duration>5</gx:duration></gx:Wait></gx:Playlist></gx:Tour><gx:Tour><name>Hole 18 - Par 5 - 510 yards</name><gx:Playlist><gx:FlyTo><gx:duration>5</gx:duration><gx:flyToMode>smooth</gx:flyToMode><LookAt><latitude>32.962888496289</latitude><longitude>-97.054243905424</longitude><altitude>22</altitude><altitudeMode>relativeToGround</altitudeMode><heading>174.03988599711</heading><tilt>70</tilt><range>90</range></LookAt></gx:FlyTo><gx:Wait><gx:duration>1</gx:duration></gx:Wait><gx:FlyTo><gx:duration>4</gx:duration><gx:flyToMode>smooth</gx:flyToMode><LookAt><latitude>32.962888496289</latitude><longitude>-97.054243905424</longitude><altitude>14</altitude><altitudeMode>relativeToGround</altitudeMode><heading>174.03988599711</heading><tilt>74</tilt><range>60</range></LookAt></gx:FlyTo><gx:Wait><gx:duration>2</gx:duration></gx:Wait><gx:FlyTo><gx:duration>4</gx:duration><gx:flyToMode>smooth</gx:flyToMode><LookAt><latitude>32.960516096052</latitude><longitude>-97.053948705395</longitude><altitude>11</altitude><altitudeMode>relativeToGround</altitudeMode><heading>-175.43402879992</heading><tilt>75</tilt><range>45</range></LookAt></gx:FlyTo><gx:Wait><gx:duration>2</gx:duration></gx:Wait><gx:FlyTo><gx:duration>4</gx:duration><gx:flyToMode>smooth</gx:flyToMode><LookAt><latitude>32.959040995904</latitude><longitude>-97.054089105409</longitude><altitude>4.0295147732236</altitude><altitudeMode>relativeToGround</altitudeMode><heading>146.1504108002</heading><tilt>75</tilt><range>60.842011879037</range></LookAt></gx:FlyTo><gx:Wait><gx:duration>2</gx:duration></gx:Wait><gx:FlyTo><gx:duration>4</gx:duration><gx:flyToMode>smooth</gx:flyToMode><LookAt><latitude>32.958767395877</latitude><longitude>-97.053870405387</longitude><altitude>0</altitude><altitudeMode>relativeToGround</altitudeMode><heading>146.1504108002</heading><tilt>75</tilt><range>70</range></LookAt></gx:FlyTo><gx:Wait><gx:duration>2</gx:duration></gx:Wait><gx:FlyTo><gx:duration>5</gx:duration><gx:flyToMode>smooth</gx:flyToMode><LookAt><latitude>32.958767395877</latitude><longitude>-97.053870405387</longitude><altitude>0</altitude><altitudeMode>relativeToGround</altitudeMode><heading>56.1504108002</heading><tilt>75</tilt><range>60</range></LookAt></gx:FlyTo><gx:Wait><gx:duration>2</gx:duration></gx:Wait><gx:FlyTo><gx:duration>5</gx:duration><gx:flyToMode>smooth</gx:flyToMode><LookAt><latitude>32.958767395877</latitude><longitude>-97.053870405387</longitude><altitude>0</altitude><altitudeMode>relativeToGround</altitudeMode><heading>326.1504108002</heading><tilt>75</tilt><range>60</range></LookAt></gx:FlyTo><gx:Wait><gx:duration>2</gx:duration></gx:Wait><gx:FlyTo><gx:duration>5</gx:duration><gx:flyToMode>smooth</gx:flyToMode><LookAt><latitude>32.958767395877</latitude><longitude>-97.053870405387</longitude><altitude>0</altitude><altitudeMode>relativeToGround</altitudeMode><heading>236.1504108002</heading><tilt>75</tilt><range>60</range></LookAt></gx:FlyTo><gx:Wait><gx:duration>2</gx:duration></gx:Wait><gx:FlyTo><gx:duration>5</gx:duration><gx:flyToMode>smooth</gx:flyToMode><LookAt><latitude>32.962888496289</latitude><longitude>-97.054243905424</longitude><altitude>22</altitude><altitudeMode>relativeToGround</altitudeMode><heading>174.03988599711</heading><tilt>70</tilt><range>90</range></LookAt></gx:FlyTo><gx:Wait><gx:duration>5</gx:duration></gx:Wait></gx:Playlist></gx:Tour></Document></kml>
